Stat,,Repetitions,1,Stratification,__female,,,,,,
Healthy,0,1,2,3,4,5,6,7,8,9,10
iBioSim,50,21,17,14,8,5,5,4,5,2,2
MIST,50.0,24.0,17.0,12.0,8.0,7.0,6.0,5.0,5.0,5.0,2.0
Diff,0.0,3.0,0.0,2.0,0.0,2.0,1.0,1.0,0.0,3.0,0.0
,,,,,,,,,,,
Stat,,Repetitions,1,Stratification,__male,,,,,,
Healthy,0,1,2,3,4,5,6,7,8,9,10
iBioSim,50,24,19,13,8,6,6,5,1,0,1
MIST,50.0,25.0,17.0,11.0,7.0,7.0,7.0,5.0,4.0,2.0,0
Diff,0.0,1.0,2.0,2.0,1.0,1.0,1.0,0.0,3.0,2.0,1.0
,,,,,,,,,,,
Stat,,Repetitions,1,Stratification,__female,,,,,,
Sick,0,1,2,3,4,5,6,7,8,9,10
iBioSim,0,27,23,17,19,19,17,13,3,5,3
MIST,0.0,25.0,23.0,16.0,18.0,15.0,10.0,11.0,10.0,7.0,8.0
Diff,0.0,2.0,0.0,1.0,1.0,4.0,7.0,2.0,7.0,2.0,5.0
,,,,,,,,,,,
Stat,,Repetitions,1,Stratification,__male,,,,,,
Sick,0,1,2,3,4,5,6,7,8,9,10
iBioSim,0,26,23,17,11,8,4,5,8,5,2
MIST,0.0,25.0,20.0,16.0,12.0,8.0,3.0,3.0,3.0,4.0,6
Diff,0.0,1.0,3.0,1.0,1.0,0.0,1.0,2.0,5.0,1.0,4.0
,,,,,,,,,,,
Stat,,Repetitions,1,Stratification,__female,,,,,,
Dead,0,1,2,3,4,5,6,7,8,9,10
iBioSim,0,2,10,19,23,26,28,33,42,43,45
MIST,0.0,1.0,10.0,22.0,24.0,28.0,34.0,34.0,35.0,38.0,40.0
Diff,0.0,1.0,0.0,3.0,1.0,2.0,6.0,1.0,7.0,5.0,5.0
,,,,,,,,,,,
Stat,,Repetitions,1,Stratification,__male,,,,,,
Dead,0,1,2,3,4,5,6,7,8,9,10
iBioSim,0,0,8,20,31,36,40,40,41,45,47
MIST,0.0,0.0,13.0,23.0,31.0,35.0,40.0,42.0,43.0,44.0,44.0
Diff,0.0,0.0,5.0,3.0,0.0,1.0,0.0,2.0,2.0,1.0,3.0
,,,,,,,,,,,
Stat,,Repetitions,1,Stratification,__female,,,,,,
Age,0,1,2,3,4,5,6,7,8,9,10
iBioSim,25.49999999949,26.062499999457,24.6249999993844,25.0967741927388,25.8518518508944,27.3749999988594,27.1363636351302,27.4705882336782,27.6249999965469,26.2857142819592,20.9999999958
MIST,25.5,26.5,27.857142857142858,26.375000000000004,23.678571428571427,23.153846153846153,22.363636363636367,22.5625,23.5625,24.466666666666665,25.166666666666664
Diff,5.099991540191695e-10,0.4375000005430003,3.2321428577584577,1.2782258072612045,2.1732804223229714,4.221153845013248,4.772727271493832,4.9080882336782,4.062499996546901,1.8190476152925363,4.166666670866665
,,,,,,,,,,,
Stat,,Repetitions,1,Stratification,__male,,,,,,
Age,0,1,2,3,4,5,6,7,8,9,10
iBioSim,25.49999999949,26.49999999947,24.309523808945,21.9999999992667,20.6842105252271,20.3571428556888,19.79999999802,20.79999999792,20.2222222199753,17.19999999656,14.6666666617778
MIST,25.5,26.5,27.5,26.32432432432432,23.7037037037037,23.0,23.8,19.6,18.875,20.571428571428573,18.666666666666668
Diff,5.099991540191695e-10,5.300009320308163e-10,3.1904761910550015,4.324324325057621,3.0194931784765977,2.6428571443112006,4.000000001980002,1.1999999979199991,1.3472222199753006,3.371428574868574,4.000000004888868
,,,,,,,,,,,
Stat,Min,Repetitions,10,Stratification,__female,,,,,,
Healthy,0,1,2,3,4,5,6,7,8,9,10
iBioSim,50,21,17,12,8,5,4,2,3,2,1
MIST,50.0,25.0,14.0,8.0,10.0,6.0,3.0,3,1,1,1
Diff,0.0,4.0,3.0,4.0,2.0,1.0,1.0,1.0,2.0,1.0,0.0
,,,,,,,,,,,
Stat,Max,Repetitions,10,Stratification,__female,,,,,,
Healthy,0,1,2,3,4,5,6,7,8,9,10
iBioSim,50,36,28,21,17,12,12,8,8,6,6
MIST,50.0,36.0,23.0,19.0,18.0,14.0,12.0,12.0,8.0,9.0,8.0
Diff,0.0,0.0,5.0,2.0,1.0,2.0,0.0,4.0,0.0,3.0,2.0
,,,,,,,,,,,
Stat,Mean,Repetitions,10,Stratification,__female,,,,,,
Healthy,0,1,2,3,4,5,6,7,8,9,10
iBioSim,50,31,22.9,15.8,12.1,9,7.9,4.9,5,3.6,3.5
MIST,50.0,30.0,18.699999999999999,13.9,14.199999999999999,9.8000000000000007,7.4000000000000004,6.2999999999999998,5.0,4.4000000000000004,3.6000000000000001
Diff,0.0,1.0,4.199999999999999,1.9000000000000004,2.0999999999999996,0.8000000000000007,0.5,1.3999999999999995,0.0,0.8000000000000003,0.10000000000000009
,,,,,,,,,,,
Stat,STD,Repetitions,10,Stratification,__female,,,,,,
Healthy,0,1,2,3,4,5,6,7,8,9,10
iBioSim,0,4.18993502999218,3.47850542618522,3.11982905514602,3.07137319994385,2.10818510677892,2.28278582243519,1.59513148186739,1.63299316185545,1.42984070596848,1.64991582276861
MIST,0.0,3.7712361663282534,3.3349995835415367,3.9001424475410014,2.3475755815545343,2.6997942308422114,2.8362729848243529,2.7100635498903793,2.0,2.2211108331943574,1.8973665961010278
Diff,0.0,0.41869886366392617,0.1435058426436835,0.7803133923949814,0.7237976183893156,0.5916091240632912,0.5534871623891631,1.1149320680229893,0.36700683814454993,0.7912701272258775,0.24745077333241783
,,,,,,,,,,,
Stat,Min,Repetitions,10,Stratification,__male,,,,,,
Healthy,0,1,2,3,4,5,6,7,8,9,10
iBioSim,50,23,9,3,5,2,2,1,1,1,1
MIST,50.0,23.0,11.0,8.0,4.0,1.0,2,2,0,0,0
Diff,0.0,0.0,2.0,5.0,1.0,1.0,0.0,1.0,1.0,1.0,1.0
,,,,,,,,,,,
Stat,Max,Repetitions,10,Stratification,__male,,,,,,
Healthy,0,1,2,3,4,5,6,7,8,9,10
iBioSim,50,31,23,14,11,10,7,5,3,3,3
MIST,50.0,30.0,19.0,16.0,13.0,10.0,7.0,6.0,4.0,3.0,3.0
Diff,0.0,1.0,4.0,2.0,2.0,0.0,0.0,1.0,1.0,0.0,0.0
,,,,,,,,,,,
Stat,Mean,Repetitions,10,Stratification,__male,,,,,,
Healthy,0,1,2,3,4,5,6,7,8,9,10
iBioSim,50,26,17.1,11.1,7.5,5.5,4.5,2.7,2.2,1.875,1.44444444444444
MIST,50.0,27.0,15.1,10.199999999999999,7.7000000000000002,5.2000000000000002,4.2000000000000002,3.7000000000000002,1.8,1.6000000000000001,1.2
Diff,0.0,1.0,2.0000000000000018,0.9000000000000004,0.20000000000000018,0.2999999999999998,0.2999999999999998,1.0,0.40000000000000013,0.2749999999999999,0.24444444444444002
,,,,,,,,,,,
Stat,STD,Repetitions,10,Stratification,__male,,,,,,
Healthy,0,1,2,3,4,5,6,7,8,9,10
iBioSim,0,2.98142396999972,3.75499667110372,3.5103022978402,1.90029237516523,2.06827894099848,1.58113883008419,1.41813649241218,0.788810637746616,0.83452296039628,0.726483157256779
MIST,0.0,2.5819888974716112,2.4244128727957577,2.780887148615228,2.9078437983419185,2.3475755815545347,1.6193277068654826,1.2516655570345725,1.3165611772087666,0.84327404271156792,0.91893658347268148
Diff,0.0,0.39943507252810884,1.3305837983079623,0.7294151492249719,1.0075514231766884,0.27929664055605485,0.03818887678129257,0.1664709353776075,0.5277505394621507,0.008751082315287873,0.19245342621590245
,,,,,,,,,,,
Stat,Min,Repetitions,10,Stratification,__female,,,,,,
Sick,0,1,2,3,4,5,6,7,8,9,10
iBioSim,0,13,14,13,14,12,10,10,3,4,2
MIST,0.0,12.0,17.0,14.0,12.0,11.0,9.0,6.0,4.0,5.0,3.0
Diff,0.0,1.0,3.0,1.0,2.0,1.0,1.0,4.0,1.0,1.0,1.0
,,,,,,,,,,,
Stat,Max,Repetitions,10,Stratification,__female,,,,,,
Sick,0,1,2,3,4,5,6,7,8,9,10
iBioSim,0,27,25,24,23,21,18,16,12,12,8
MIST,0.0,24.0,30.0,29.0,19.0,19.0,15.0,13,12,10.0,10.0
Diff,0.0,3.0,5.0,5.0,4.0,2.0,3.0,3.0,0.0,2.0,2.0
,,,,,,,,,,,
Stat,Mean,Repetitions,10,Stratification,__female,,,,,,
Sick,0,1,2,3,4,5,6,7,8,9,10
iBioSim,0,17.8,20,19.8,17.9,16.5,13.7,12.5,8.4,7.7,5.8
MIST,0.0,18.199999999999999,23.199999999999999,21.800000000000001,15.699999999999999,13.9,12.6,10.1,8.5,7.0999999999999996,6.0999999999999996
Diff,0.0,0.3999999999999986,3.1999999999999993,2.0,2.1999999999999993,2.5999999999999996,1.0999999999999996,2.4000000000000004,0.09999999999999964,0.6000000000000005,0.2999999999999998
,,,,,,,,,,,
Stat,STD,Repetitions,10,Stratification,__female,,,,,,
Sick,0,1,2,3,4,5,6,7,8,9,10
iBioSim,0,4.15799096787005,4.02768199119819,3.8815804341359,3.24722103412201,2.71825107171668,2.75075747143703,1.95789002074512,3.37309617084627,2.75075747143703,2.0976176963403
MIST,0.0,3.9944405810520647,4.5898438608156011,4.871686908385362,2.4517567397911053,2.7264140062238038,2.0655911179772888,2.330951164939612,2.4608038433722332,1.7919573407620817,2.0789954839350235
Diff,0.0,0.16355038681798506,0.5621618696174115,0.9901064742494619,0.7954642943309045,0.008162934507123687,0.6851663534597412,0.373061144194492,0.9122923274740367,0.9588001306749483,0.018622212405276617
,,,,,,,,,,,
Stat,Min,Repetitions,10,Stratification,__male,,,,,,
Sick,0,1,2,3,4,5,6,7,8,9,10
iBioSim,0,19,15,10,6,3,4,2,1,1,1
MIST,0.0,17.0,18.0,11.0,7.0,6.0,3.0,1.0,1.0,1.0,0
Diff,0.0,2.0,3.0,1.0,1.0,3.0,1.0,1.0,0.0,0.0,1.0
,,,,,,,,,,,
Stat,Max,Repetitions,10,Stratification,__male,,,,,,
Sick,0,1,2,3,4,5,6,7,8,9,10
iBioSim,0,26,27,20,15,13,7,7,8,5,3
MIST,0.0,24.0,23.0,21.0,13.0,11.0,9.0,7.0,7.0,4,3
Diff,0.0,2.0,4.0,1.0,2.0,2.0,2.0,0.0,1.0,1.0,0.0
,,,,,,,,,,,
Stat,Mean,Repetitions,10,Stratification,__male,,,,,,
Sick,0,1,2,3,4,5,6,7,8,9,10
iBioSim,0,23.3,20,15.8,10.5,7.5,5.1,4.33333333333333,3.44444444444444,2.66666666666667,1.7
MIST,0.0,21.300000000000001,20.699999999999999,15.800000000000001,9.9000000000000004,8.6999999999999993,5.7999999999999998,3.3999999999999999,3.7999999999999998,2.6000000000000001,1.7
Diff,0.0,2.0,0.6999999999999993,0.0,0.5999999999999996,1.1999999999999993,0.7000000000000002,0.9333333333333305,0.3555555555555596,0.06666666666666998,0.0
,,,,,,,,,,,
Stat,STD,Repetitions,10,Stratification,__male,,,,,,
Sick,0,1,2,3,4,5,6,7,8,9,10
iBioSim,0,2.90784379834192,3.85861230093008,3.29309040939426,2.71825107171668,2.63523138347365,1.10050493461461,1.5,2.00693242979872,1.22474487139159,0.674948557710553
MIST,0.0,2.3118054512532935,1.7029386365926402,2.8982753492378874,2.1317702607092643,1.8287822299126937,1.8135294011647258,1.776388345929897,1.8737959096740262,0.96609178307929577,0.82327260234856459
Diff,0.0,0.5960383470886264,2.1556736643374395,0.3948150601563727,0.5864808110074158,0.8064491535609561,0.7130244665501158,0.27638834592989703,0.1331365201246939,0.2586530883122943,0.14832404463801163
,,,,,,,,,,,
Stat,Min,Repetitions,10,Stratification,__female,,,,,,
Dead,0,1,2,3,4,5,6,7,8,9,10
iBioSim,0,1,4,10,14,20,24,29,33,34,38
MIST,0.0,0.0,3.0,11.0,17.0,23.0,25.0,28.0,32.0,35.0,36.0
Diff,0.0,1.0,1.0,1.0,3.0,3.0,1.0,1.0,1.0,1.0,2.0
,,,,,,,,,,,
Stat,Max,Repetitions,10,Stratification,__female,,,,,,
Dead,0,1,2,3,4,5,6,7,8,9,10
iBioSim,0,2,10,19,23,29,32,36,42,43,45
MIST,0.0,5.0,14.0,19.0,23.0,29.0,33.0,37.0,39.0,40.0,43.0
Diff,0.0,3.0,4.0,0.0,0.0,0.0,1.0,1.0,3.0,3.0,2.0
,,,,,,,,,,,
Stat,Mean,Repetitions,10,Stratification,__female,,,,,,
Dead,0,1,2,3,4,5,6,7,8,9,10
iBioSim,0,1.5,7.1,14.4,20,24.5,28.4,32.6,36.6,38.7,40.7
MIST,0.0,1.8,8.0999999999999996,14.300000000000001,20.100000000000001,26.300000000000001,30.0,33.600000000000001,36.5,38.5,40.299999999999997
Diff,0.0,0.30000000000000004,1.0,0.09999999999999964,0.10000000000000142,1.8000000000000007,1.6000000000000014,1.0,0.10000000000000142,0.20000000000000284,0.4000000000000057
,,,,,,,,,,,
Stat,STD,Repetitions,10,Stratification,__female,,,,,,
Dead,0,1,2,3,4,5,6,7,8,9,10
iBioSim,0,0.534522483824849,2.07899548393502,2.59058123036339,2.82842712474619,2.63523138347365,2.54732975660571,1.83787316694536,3.27278338896895,2.66874918683308,2.11081869319834
MIST,0.0,1.3165611772087666,2.8067379246694513,2.2135943621178655,2.0248456731316584,2.7100635498903793,2.6246692913372702,2.503331114069145,2.5055493963954847,1.9578900207451218,2.4060109910158114
Diff,0.0,0.7820386933839176,0.7277424407344313,0.3769868682455244,0.8035814516145314,0.07483216641672952,0.07733953473156019,0.6654579471237849,0.7672339925734653,0.7108591660879584,0.29519229781747125
,,,,,,,,,,,
Stat,Min,Repetitions,10,Stratification,__male,,,,,,
Dead,0,1,2,3,4,5,6,7,8,9,10
iBioSim,0,1,8,18,27,32,38,39,41,44,45
MIST,0.0,1.0,10.0,19.0,29.0,34.0,37.0,40.0,42.0,44.0,45.0
Diff,0.0,0.0,2.0,1.0,2.0,2.0,1.0,1.0,1.0,0.0,0.0
,,,,,,,,,,,
Stat,Max,Repetitions,10,Stratification,__male,,,,,,
Dead,0,1,2,3,4,5,6,7,8,9,10
iBioSim,0,2,19,27,37,39,42,48,48,48,49
MIST,0.0,3.0,18.0,27.0,36.0,39.0,42.0,45.0,46.0,47.0,50
Diff,0.0,1.0,1.0,0.0,1.0,0.0,0.0,3.0,2.0,1.0,1.0
,,,,,,,,,,,
Stat,Mean,Repetitions,10,Stratification,__male,,,,,,
Dead,0,1,2,3,4,5,6,7,8,9,10
iBioSim,0,1.4,12.9,23.1,32,37,40.4,43.4,44.7,46.1,47
MIST,0.0,1.7,14.199999999999999,24.0,32.399999999999999,36.100000000000001,40.0,42.899999999999999,44.399999999999999,45.799999999999997,47.100000000000001
Diff,0.0,0.30000000000000004,1.299999999999999,0.8999999999999986,0.3999999999999986,0.8999999999999986,0.3999999999999986,0.5,0.30000000000000426,0.30000000000000426,0.10000000000000142
,,,,,,,,,,,
Stat,STD,Repetitions,10,Stratification,__male,,,,,,
Dead,0,1,2,3,4,5,6,7,8,9,10
iBioSim,0,0.547722557505166,3.24722103412201,2.84604989415154,3.09120616516523,2.05480466765633,1.17378779077727,2.67498701969852,2.05750658160146,1.28668393770792,1.15470053837925
MIST,0.0,0.94868329805051377,2.6997942308422114,2.8674417556808756,2.412928142780514,1.7288403306519919,1.8257418583505538,1.7288403306519919,1.1737877907772671,1.0327955589886444,1.2866839377079189
Diff,0.0,0.4009607405453478,0.5474268032797984,0.021391861529335365,0.678278022384716,0.32596433700433813,0.6519540675732838,0.946146689046528,0.8837187908241928,0.2538883787192756,0.13198339932866898
,,,,,,,,,,,
Stat,Min,Repetitions,10,Stratification,__female,,,,,,
Age,0,1,2,3,4,5,6,7,8,9,10
iBioSim,25.49999999949,26.062499999457,23.8249999994044,21.8749999993164,21.9999999991852,20.5652173904102,19.6315789463352,18.7222222211821,18.1818181801653,17.79999999822,19.1111111089877
MIST,25.5,26.5,26.599999999999998,24.0,22.483870967741936,22.555555555555557,21.36363636363636,20.944444444444446,20.27777777777778,20.52941176470588,19.5
Diff,5.099991540191695e-10,0.4375000005430003,2.775000000595597,2.125000000683599,0.4838709685567366,1.9903381651453564,1.73205741730116,2.222222223262346,2.0959595976124774,2.7294117664858817,0.38888889101230006
,,,,,,,,,,,
Stat,Max,Repetitions,10,Stratification,__female,,,,,,
Age,0,1,2,3,4,5,6,7,8,9,10
iBioSim,25.49999999949,26.7291666661098,27.5217391298365,26.3513513506392,25.9722222215008,27.3749999988594,27.1363636351302,27.4705882336782,27.6249999965469,26.2857142819592,25.3749999968281
MIST,25.5,26.5,27.857142857142858,27.702127659574472,26.846153846153847,27.03030303030303,27.384615384615387,26.61904761904762,26.444444444444443,25.499999999999996,25.2
Diff,5.099991540191695e-10,0.2291666661098013,0.3354037273063568,1.3507763089352736,0.8739316246530464,0.3446969685563701,0.24825174948518836,0.8515406146305793,1.180555552102458,0.7857142819592049,0.1749999968281024
,,,,,,,,,,,
Stat,Mean,Repetitions,10,Stratification,__female,,,,,,
Age,0,1,2,3,4,5,6,7,8,9,10
iBioSim,25.49999999949,26.4579506797298,25.7057246372596,24.8560062474836,24.2237583063454,23.5507000043792,22.6194236448392,22.3727993377308,21.2109094074961,21.3843144335461,21.2744696945392
MIST,25.5,26.5,27.283384353741496,26.391424064585078,25.271978896991381,24.676167177896879,24.414459614459613,23.97069373115032,23.137662198912196,22.158757027286438,22.173333333333332
Diff,5.099991540191695e-10,0.042049320270198365,1.5776597164818966,1.5354178171014787,1.0482205906459825,1.1254671735176807,1.7950359696204146,1.5978943934195193,1.9267527914160958,0.7744425937403392,0.8988636387941327
,,,,,,,,,,,
Stat,STD,Repetitions,10,Stratification,__female,,,,,,
Age,0,1,2,3,4,5,6,7,8,9,10
iBioSim,0,0.191082132683815,1.05139676242411,1.32126148467384,1.5163728788867,2.13608957249574,2.28450815451866,2.76034323918321,2.64068149619834,2.31778450695036,1.91704610968172
MIST,0.0,0.0,0.43374621312747008,1.1586216142340182,1.513964322494072,1.7797087613596707,2.1206546618551725,1.5712151980209483,2.0018422050292695,1.4741686904090647,1.8044316202324446
Diff,0.0,0.191082132683815,0.61765054929664,0.16263987043982175,0.0024085563926279363,0.3563808111360691,0.16385349266348737,1.1891280411622616,0.6388392911690706,0.8436158165412952,0.11261448944927532
,,,,,,,,,,,
Stat,Min,Repetitions,10,Stratification,__male,,,,,,
Age,0,1,2,3,4,5,6,7,8,9,10
iBioSim,25.49999999949,26.0833333327899,23.3333333326852,21.071428570676,17.3076923063609,16.9166666652569,17.7777777758025,11.49999999425,12.49999999375,12.9999999935,13.999999993
MIST,25.5,26.5,26.04255319148936,21.781250000000004,21.041666666666668,18.133333333333333,18.454545454545453,15.555555555555557,13.000000000000002,13.6,14.6
Diff,5.099991540191695e-10,0.4166666672101016,2.709219858804161,0.7098214293240019,3.733974360305769,1.2166666680764315,0.6767676787429515,4.055555561305557,0.5000000062500014,0.6000000065000002,0.6000000070000002
,,,,,,,,,,,
Stat,Max,Repetitions,10,Stratification,__male,,,,,,
Age,0,1,2,3,4,5,6,7,8,9,10
iBioSim,25.49999999949,26.7346938770054,26.5641025634214,25.1538461528787,23.9444444431142,22.2857142841224,22.4444444419506,25.3333333291111,26.99999999325,27.999999993,27.9999999906667
MIST,25.5,26.5,27.612244897959187,27.243243243243246,26.583333333333336,25.07142857142857,25.733333333333334,25.75,23.125,25.2,24.666666666666668
Diff,5.099991540191695e-10,0.23469387700540167,1.0481423345377863,2.089397090364546,2.6388888902191354,2.7857142873061704,3.288888891382733,0.4166666708889011,3.8749999932500003,2.799999993,3.3333333240000336
,,,,,,,,,,,
Stat,Mean,Repetitions,10,Stratification,__male,,,,,,
Age,0,1,2,3,4,5,6,7,8,9,10
iBioSim,25.49999999949,26.4263605436816,24.7509466239047,23.4569149139143,21.2130701438353,19.7537379271926,20.078712119091,17.7874458843288,18.4922222182629,18.6066666615812,18.751666659287
MIST,25.5,26.5,27.09520552902012,24.851557342946659,23.715431187248157,22.102391395154552,21.581109307359306,21.03416860916861,19.495833333333334,20.948809523809523,20.113333333333333
Diff,5.099991540191695e-10,0.07363945631839997,2.344258905115421,1.3946424290323591,2.502361043412858,2.3486534679619524,1.5023971882683043,3.2467227248398096,1.0036111150704343,2.3421428622283216,1.361666674046333
,,,,,,,,,,,
Stat,STD,Repetitions,10,Stratification,__male,,,,,,
Age,0,1,2,3,4,5,6,7,8,9,10
iBioSim,0,0.182039091207131,0.992352614545601,1.47538962787745,2.31511660513875,1.90491216263696,1.4248956661498,3.88426025208811,4.11164184206012,4.55090684209498,4.02799194776726
MIST,0.0,0.0,0.51093534039474353,1.6409340625616273,2.0032982639887775,2.457191046843648,2.3626689877983229,3.0748817578949428,2.8737295904902491,3.3612424310472022,2.9126565024449018
Diff,0.0,0.182039091207131,0.48141727415085744,0.16554443468417723,0.3118183411499724,0.5522788842066879,0.9377733216485229,0.8093784941931674,1.2379122515698708,1.1896644110477776,1.1153354453223585
,,,,,,,,,,,
Stat,Min,Repetitions,100,Stratification,__female,,,,,,
Healthy,0,1,2,3,4,5,6,7,8,9,10
iBioSim,50,21,12,9,7,3,4,1,1,1,1
MIST,50.0,24.0,14.0,7.0,6.0,5.0,3.0,2.0,1,1,1.0
Diff,0.0,3.0,2.0,2.0,1.0,2.0,1.0,1.0,0.0,0.0,0.0
,,,,,,,,,,,
Stat,Max,Repetitions,100,Stratification,__female,,,,,,
Healthy,0,1,2,3,4,5,6,7,8,9,10
iBioSim,50,38,29,22,18,15,13,13,13,9,8
MIST,50.0,38.0,28.0,22.0,19.0,16.0,15.0,14.0,12.0,10.0,9.0
Diff,0.0,0.0,1.0,0.0,1.0,1.0,2.0,1.0,1.0,1.0,1.0
,,,,,,,,,,,
Stat,Mean,Repetitions,100,Stratification,__female,,,,,,
Healthy,0,1,2,3,4,5,6,7,8,9,10
iBioSim,50,30.09,21.78,16.31,12.54,9.69,8.34,6.48,5.42,4.51,3.80612244897959
MIST,50.0,30.120000000000001,20.609999999999999,15.24,12.27,10.02,7.9500000000000002,6.7199999999999998,5.54,4.5999999999999996,3.9199999999999999
Diff,0.0,0.030000000000001137,1.1700000000000017,1.0699999999999985,0.2699999999999996,0.33000000000000007,0.3899999999999997,0.23999999999999932,0.1200000000000001,0.08999999999999986,0.11387755102040975
,,,,,,,,,,,
Stat,STD,Repetitions,100,Stratification,__female,,,,,,
Healthy,0,1,2,3,4,5,6,7,8,9,10
iBioSim,0,3.32451864822928,3.63368082853136,3.08038761826947,2.77587005197551,2.3685438564654,2.25728897914147,2.2673795670355,2.13759044938289,1.73784378184606,1.42624995470825
MIST,0.0,3.2232739488748008,3.4049725966354534,3.1881092208455475,2.5775056456844769,2.5622748730869072,2.3197657492326962,2.2611340678357115,1.9301959915139617,1.8367736315989986,1.7904347420826501
Diff,0.0,0.1012446993544791,0.2287082318959066,0.10772160257607766,0.19836440629103302,0.19373101662150694,0.0624767700912261,0.006245499199788451,0.20739445786892818,0.09892984975293873,0.3641847873744002
,,,,,,,,,,,
Stat,Min,Repetitions,100,Stratification,__male,,,,,,
Healthy,0,1,2,3,4,5,6,7,8,9,10
iBioSim,50,16,8,3,2,1,1,1,1,1,1
MIST,50.0,19.0,9.0,5.0,3.0,1,0,0,0,0,0
Diff,0.0,3.0,1.0,2.0,1.0,0.0,1.0,1.0,1.0,1.0,1.0
,,,,,,,,,,,
Stat,Max,Repetitions,100,Stratification,__male,,,,,,
Healthy,0,1,2,3,4,5,6,7,8,9,10
iBioSim,50,32,23,19,14,12,10,9,6,5,5
MIST,50.0,34.0,25.0,18.0,16.0,12.0,9.0,7.0,7.0,6,4.0
Diff,0.0,2.0,2.0,1.0,2.0,0.0,1.0,2.0,1.0,1.0,1.0
,,,,,,,,,,,
Stat,Mean,Repetitions,100,Stratification,__male,,,,,,
Healthy,0,1,2,3,4,5,6,7,8,9,10
iBioSim,50,25.71,16.19,11.25,7.71,5.78,4.33333333333333,3.28571428571429,2.59782608695652,2.10714285714286,1.79166666666667
MIST,50.0,25.73,16.23,11.300000000000001,7.8799999999999999,5.4500000000000002,4.2000000000000002,3.1099999999999999,2.1600000000000001,1.6299999999999999,1.1515151515151516
Diff,0.0,0.019999999999999574,0.03999999999999915,0.05000000000000071,0.16999999999999993,0.33000000000000007,0.1333333333333302,0.17571428571429015,0.43782608695652003,0.47714285714286,0.6401515151515185
,,,,,,,,,,,
Stat,STD,Repetitions,100,Stratification,__male,,,,,,
Healthy,0,1,2,3,4,5,6,7,8,9,10
iBioSim,0,3.2668985693814,3.14528667736794,2.65290007121994,2.49563254871021,2.24544432173684,2.06526175640014,1.63719649741075,1.26716593541786,1.16182093412041,0.992045830381573
MIST,0.0,3.3237893672096241,3.1650075398445305,3.0334831797819817,2.4793286807260362,1.9351871989421321,1.9332288373014037,1.6690588892419509,1.4955827214726964,1.3307171302752816,0.94072959488178998
Diff,0.0,0.05689079782822404,0.01972086247659055,0.3805831085620417,0.016303867984173603,0.31025712279470774,0.13203291909873616,0.031862391831200876,0.2284167860548365,0.16889619615487161,0.051316235499783036
,,,,,,,,,,,
Stat,Min,Repetitions,100,Stratification,__female,,,,,,
Sick,0,1,2,3,4,5,6,7,8,9,10
iBioSim,0,12,14,8,7,8,4,5,3,3,2
MIST,0.0,11.0,14.0,12.0,9.0,5.0,6.0,3.0,3.0,2.0,1.0
Diff,0.0,1.0,0.0,4.0,2.0,3.0,2.0,2.0,0.0,1.0,1.0
,,,,,,,,,,,
Stat,Max,Repetitions,100,Stratification,__female,,,,,,
Sick,0,1,2,3,4,5,6,7,8,9,10
iBioSim,0,27,30,27,23,22,22,18,16,13,12
MIST,0.0,25.0,30.0,29.0,22.0,23.0,19.0,16.0,13.0,14.0,12
Diff,0.0,2.0,0.0,2.0,1.0,1.0,3.0,2.0,3.0,1.0,0.0
,,,,,,,,,,,
Stat,Mean,Repetitions,100,Stratification,__female,,,,,,
Sick,0,1,2,3,4,5,6,7,8,9,10
iBioSim,0,18.4,20.29,18.7,16.51,14.96,12.64,10.99,9.09,7.62,6.54
MIST,0.0,18.469999999999999,20.859999999999999,19.100000000000001,16.300000000000001,13.68,12.1,10.109999999999999,8.6099999999999994,7.3899999999999997,6.1500000000000004
Diff,0.0,0.07000000000000028,0.5700000000000003,0.40000000000000213,0.21000000000000085,1.2800000000000011,0.5400000000000009,0.8800000000000008,0.4800000000000004,0.23000000000000043,0.3899999999999997
,,,,,,,,,,,
Stat,STD,Repetitions,100,Stratification,__female,,,,,,
Sick,0,1,2,3,4,5,6,7,8,9,10
iBioSim,0,3.15908182543567,3.70447449891767,3.80722333137281,3.31660956247476,2.98453928563099,3.09942972923482,2.49644191244704,2.48264684430455,2.32152858037435,2.23570656356863
MIST,0.0,3.46251207925545,3.5133799088396889,3.4038006090043802,2.7432193724258593,3.4579143594328237,2.6798914496333954,2.7520240485207181,2.4980598532267058,2.386388167262083,2.1099810904413818
Diff,0.0,0.30343025381977995,0.19109459007798124,0.4034227223684299,0.5733901900489005,0.47337507380183386,0.4195382796014244,0.2555821360736781,0.01541300892215558,0.06485958688773286,0.12572547312724813
,,,,,,,,,,,
Stat,Min,Repetitions,100,Stratification,__male,,,,,,
Sick,0,1,2,3,4,5,6,7,8,9,10
iBioSim,0,17,12,8,5,1,2,1,1,1,1
MIST,0.0,15.0,13.0,8.0,5.0,1.0,1.0,0,0,0,0.0
Diff,0.0,2.0,1.0,0.0,0.0,0.0,1.0,1.0,1.0,1.0,1.0
,,,,,,,,,,,
Stat,Max,Repetitions,100,Stratification,__male,,,,,,
Sick,0,1,2,3,4,5,6,7,8,9,10
iBioSim,0,33,27,21,20,13,13,11,8,6,6
MIST,0.0,30.0,27.0,24.0,17.0,16.0,11.0,9.0,7,7,6
Diff,0.0,3.0,0.0,3.0,3.0,3.0,2.0,2.0,1.0,1.0,0.0
,,,,,,,,,,,
Stat,Mean,Repetitions,100,Stratification,__male,,,,,,
Sick,0,1,2,3,4,5,6,7,8,9,10
iBioSim,0,23.1,19.95,14.7,11.1,8.28,6.53,4.77777777777778,3.41237113402062,2.58762886597938,2.02247191011236
MIST,0.0,22.98,19.75,15.210000000000001,11.17,8.5500000000000007,5.96,4.7000000000000002,3.71,2.6099999999999999,2.0505050505050506
Diff,0.0,0.120000000000001,0.1999999999999993,0.5100000000000016,0.07000000000000028,0.27000000000000135,0.5700000000000003,0.07777777777778017,0.29762886597937976,0.022371134020620076,0.02803314039269056
,,,,,,,,,,,
Stat,STD,Repetitions,100,Stratification,__male,,,,,,
Sick,0,1,2,3,4,5,6,7,8,9,10
iBioSim,0,3.3166247903554,3.02305952453618,2.98988192733324,2.92153273734072,2.67453384968882,2.57201332135985,1.99261675741978,1.59917021008545,1.30505888532207,1.10759288641761
MIST,0.0,3.284429135706044,2.8440084103925991,3.2044634275625392,2.8357565395349358,2.614547491605113,2.169205971191889,1.8882946183412603,1.8218372345220384,1.5563165526721137,1.4240910984227397
Diff,0.0,0.03219565464935581,0.1790511141435811,0.21458150022929923,0.08577619780578427,0.059986358083707,0.402807350167961,0.10432213907851962,0.22266702443658848,0.25125766735004373,0.31649821200512984
,,,,,,,,,,,
Stat,Min,Repetitions,100,Stratification,__female,,,,,,
Dead,0,1,2,3,4,5,6,7,8,9,10
iBioSim,0,1,3,9,13,19,21,26,28,30,34
MIST,0.0,0.0,1.0,9.0,13.0,17.0,23.0,26.0,29.0,32.0,34.0
Diff,0.0,1.0,2.0,0.0,0.0,2.0,2.0,0.0,1.0,2.0,0.0
,,,,,,,,,,,
Stat,Max,Repetitions,100,Stratification,__female,,,,,,
Dead,0,1,2,3,4,5,6,7,8,9,10
iBioSim,0,6,15,23,28,33,36,38,42,44,45
MIST,0.0,5.0,14.0,25.0,29.0,34.0,37.0,40.0,43.0,44.0,44.0
Diff,0.0,1.0,1.0,2.0,1.0,1.0,1.0,2.0,1.0,0.0,1.0
,,,,,,,,,,,
Stat,Mean,Repetitions,100,Stratification,__female,,,,,,
Dead,0,1,2,3,4,5,6,7,8,9,10
iBioSim,0,2.01333333333333,7.93,14.99,20.95,25.35,29.02,32.53,35.49,37.87,39.73
MIST,0.0,1.4099999999999999,8.5299999999999994,15.66,21.43,26.300000000000001,29.949999999999999,33.170000000000002,35.850000000000001,38.009999999999998,39.93
Diff,0.0,0.6033333333333302,0.5999999999999996,0.6699999999999999,0.4800000000000004,0.9499999999999993,0.9299999999999997,0.6400000000000006,0.35999999999999943,0.14000000000000057,0.20000000000000284
,,,,,,,,,,,
Stat,STD,Repetitions,100,Stratification,__female,,,,,,
Dead,0,1,2,3,4,5,6,7,8,9,10
iBioSim,0,1.22467131093197,2.42568328393041,3.20824380040362,3.28564370336385,3.20786596359699,2.95412739855083,2.51643085389292,2.7321320346106,2.43565684003807,2.25117253398707
MIST,0.0,1.1984417492154662,2.3331385200059067,3.1211885847891634,3.1342197327777344,3.264439562400514,2.7684185763972566,2.9269041113039012,2.7168572158494331,2.4183432011159707,2.2973634427053082
Diff,0.0,0.026229561716503813,0.09254476392450339,0.0870552156144564,0.15142397058611579,0.05657359880352386,0.1857088221535732,0.41047325741098106,0.015274818761167097,0.01731363892209936,0.046190908718238166
,,,,,,,,,,,
Stat,Min,Repetitions,100,Stratification,__male,,,,,,
Dead,0,1,2,3,4,5,6,7,8,9,10
iBioSim,0,1,6,17,22,28,30,33,38,40,43
MIST,0.0,0.0,7.0,14.0,23.0,28.0,32.0,35.0,39.0,41.0,43.0
Diff,0.0,1.0,1.0,3.0,1.0,0.0,2.0,2.0,1.0,1.0,0.0
,,,,,,,,,,,
Stat,Max,Repetitions,100,Stratification,__male,,,,,,
Dead,0,1,2,3,4,5,6,7,8,9,10
iBioSim,0,5,21,31,37,42,44,48,49,49,50
MIST,0.0,5.0,24.0,33.0,40.0,44.0,46.0,48.0,49.0,50,50
Diff,0.0,0.0,3.0,2.0,3.0,2.0,2.0,0.0,0.0,1.0,0.0
,,,,,,,,,,,
Stat,Mean,Repetitions,100,Stratification,__male,,,,,,
Dead,0,1,2,3,4,5,6,7,8,9,10
iBioSim,0,1.75,13.86,24.05,31.19,35.94,39.18,42.05,44.3,45.72,46.91
MIST,0.0,1.29,14.02,23.489999999999998,30.949999999999999,36.0,39.840000000000003,42.189999999999998,44.130000000000003,45.759999999999998,46.797979797979799
Diff,0.0,0.45999999999999996,0.16000000000000014,0.5600000000000023,0.240000000000002,0.060000000000002274,0.6600000000000037,0.14000000000000057,0.1699999999999946,0.03999999999999915,0.11202020202019725
,,,,,,,,,,,
Stat,STD,Repetitions,100,Stratification,__male,,,,,,
Dead,0,1,2,3,4,5,6,7,8,9,10
iBioSim,0,1.02760408195653,3.09453738322251,3.13782720938544,3.09020936821341,2.89485785837613,2.82263577658768,2.60293152527156,2.096172558245,1.66411926534516,1.55111559722659
MIST,0.0,1.094476490327128,2.8954160915893148,3.3318026788675659,3.3314388555825016,2.9576130151652276,2.6656058496061537,2.4687746930103778,2.2547592762730555,1.928625406758907,1.6161165217374061
Diff,0.0,0.06687240837059805,0.19912129163319525,0.19397546948212607,0.24122948736909144,0.06275515678909738,0.1570299269815263,0.13415683226118214,0.15858671802805535,0.26450614141374706,0.06500092451081607
,,,,,,,,,,,
Stat,Min,Repetitions,100,Stratification,__female,,,,,,
Age,0,1,2,3,4,5,6,7,8,9,10
iBioSim,25.49999999949,25.0454545448853,22.694444443814,19.5925925918669,19.7727272718285,18.7499999990625,16.5999999988933,15.9285714274337,16.2499999979688,16.79999999832,15.6249999980469
MIST,25.5,26.5,26.15555555555555,23.897435897435898,19.888888888888886,18.57142857142857,18.68421052631579,17.68421052631579,17.599999999999998,17.285714285714285,18.090909090909093
Diff,5.099991540191695e-10,1.454545455114701,3.461111111741552,4.304843305568998,0.11616161706038497,0.17857142763392986,2.084210527422492,1.7556390988820905,1.350000002031198,0.4857142873942841,2.4659090928621943
,,,,,,,,,,,
Stat,Max,Repetitions,100,Stratification,__female,,,,,,
Age,0,1,2,3,4,5,6,7,8,9,10
iBioSim,25.49999999949,26.9591836729192,27.642857142199,27.3658536578691,28.8378378370584,28.8709677410042,27.1363636351302,27.4705882336782,27.6249999965469,28.0666666647956,26.5833333311181
MIST,25.5,26.5,27.97916666666667,28.285714285714285,28.48717948717948,28.346153846153847,27.439999999999994,29.238095238095234,28.63157894736842,30.411764705882355,29.46666666666667
Diff,5.099991540191695e-10,0.4591836729191989,0.3363095244676728,0.9198606278451855,0.3506583498789233,0.5248138948503538,0.3036363648697957,1.767507004417034,1.0065789508215204,2.3450980410867537,2.883333335548567
,,,,,,,,,,,
Stat,Mean,Repetitions,100,Stratification,__female,,,,,,
Age,0,1,2,3,4,5,6,7,8,9,10
iBioSim,25.49999999949,26.2899829578526,25.5294871850585,24.5477623251996,23.6175996850612,22.9518619340534,22.5667748693687,21.9719235894027,21.6356864148158,21.6196858645666,21.5473888450685
MIST,25.5,26.5,27.295742036484654,26.352290029865998,25.289318843021224,24.501423129584456,23.750343199983959,23.302900601824103,22.786468201947692,22.400582923053904,22.427319970062612
Diff,5.099991540191695e-10,0.21001704214739902,1.7662548514261545,1.8045277046663983,1.6717191579600232,1.549561195531055,1.183568330615259,1.3309770124214033,1.1507817871318906,0.7808970584873052,0.879931124994112
,,,,,,,,,,,
Stat,STD,Repetitions,100,Stratification,__female,,,,,,
Age,0,1,2,3,4,5,6,7,8,9,10
iBioSim,0,0.314852099584598,0.907238444522587,1.40136854295733,1.49927237940955,1.69845234175753,1.95281914754116,2.18363170418618,2.31617269131038,2.33375847982497,2.41216759846516
MIST,0.0,0.0,0.35885890235183243,0.96642868722507003,1.6173234102104586,1.8533087951305123,1.8813488949280033,1.994413088992615,2.2227928389916114,2.2828099575805054,2.2564918751836989
Diff,0.0,0.314852099584598,0.5483795421707545,0.4349398557322599,0.11805103080090862,0.15485645337298237,0.07147025261315676,0.1892186151935651,0.09337985231876855,0.050948522244464556,0.15567572328146095
,,,,,,,,,,,
Stat,Min,Repetitions,100,Stratification,__male,,,,,,
Age,0,1,2,3,4,5,6,7,8,9,10
iBioSim,25.49999999949,25.6249999994661,19.9310344820713,18.1199999992752,14.7692307680947,14.7777777761358,12.5555555541605,11.49999999425,12.19999999756,11.49999999425,10.999999989
MIST,25.5,26.5,25.73333333333333,21.781250000000004,19.88,16.666666666666664,15.833333333333332,12.2,12.75,11.0,11.5
Diff,5.099991540191695e-10,0.8750000005338983,5.80229885126203,3.6612500007248023,5.1107692319053,1.8888888905308647,3.2777777791728315,0.7000000057499989,0.5500000024399991,0.4999999942500004,0.5000000109999991
,,,,,,,,,,,
Stat,Max,Repetitions,100,Stratification,__male,,,,,,
Age,0,1,2,3,4,5,6,7,8,9,10
iBioSim,25.49999999949,27.2499999994323,27.8249999993044,27.2812499991475,27.599999998896,28.19999999812,28.888888885679,30.59999999388,33.999999983,33.999999966,36.999999963
MIST,25.5,26.5,28.0625,28.1025641025641,27.187499999999996,29.173913043478265,30.46666666666666,28.375,29.375,30.333333333333336,28.166666666666664
Diff,5.099991540191695e-10,0.7499999994323012,0.23750000069560073,0.8213141034165972,0.41249999889600275,0.9739130453582661,1.5777777809876632,2.224999993880001,4.624999983000002,3.6666666326666615,8.833333296333336
,,,,,,,,,,,
Stat,Mean,Repetitions,100,Stratification,__male,,,,,,
Age,0,1,2,3,4,5,6,7,8,9,10
iBioSim,25.49999999949,26.3167165260034,24.5973924986436,22.9949919763955,21.5445095138983,20.6263019448164,20.5855846199745,20.1894234331981,20.0717680332403,19.7141666609573,19.1870370288156
MIST,25.5,26.5,27.249496394903932,25.083599654227907,23.585654407861849,22.255861296683676,21.334919790864451,20.778372384967973,20.364120435120434,20.259953463203463,19.581112714446046
Diff,5.099991540191695e-10,0.1832834739965996,2.652103896260332,2.0886076778324068,2.0411448939635477,1.6295593518672753,0.7493351708899496,0.588948951769872,0.2923524018801338,0.5457868022461625,0.3940756856304475
,,,,,,,,,,,
Stat,STD,Repetitions,100,Stratification,__male,,,,,,
Age,0,1,2,3,4,5,6,7,8,9,10
iBioSim,0,0.278307536528905,1.348792708534,1.94161135111004,2.18881939658113,2.58069690647085,3.07872452996308,3.41296559023096,4.1136115337283,4.38927220971122,4.48664261362063
MIST,0.0,0.0,0.38852819788231058,1.1783938539930934,1.63710201031031,2.2576183750979899,2.5578280291589528,2.9937874236947177,3.2282986667734361,3.5414977818296594,3.4787078901918984
Diff,0.0,0.278307536528905,0.9602645106516894,0.7632174971169465,0.5517173862708198,0.32307853137286013,0.5208965008041271,0.4191781665362422,0.8853128669548642,0.8477744278815607,1.0079347234287312
,,,,,,,,,,,
