Example 2,Example 2,Example 2,Example 2,Example 2,Example 2,Example 2,Example 2,Example 2,Example 2,Example 2,Example 2,Example 2,Example 2,Example 2,Example 2,Example 2
Example 2,Example 2,Example 2,Example 2,Example 2,Example 2,Example 2,Example 2,Example 2,Example 2,Example 2,Example 2,Example 2,Example 2,Example 2,Example 2,Example 2
Example 2 - Initial Conditions,Example 2 - Initial Conditions,Example 2 - Initial Conditions,Example 2 - Initial Conditions,Example 2 - Initial Conditions,Example 2 - Initial Conditions,Example 2 - Initial Conditions,Example 2 - Initial Conditions,Example 2 - Initial Conditions,Example 2 - Initial Conditions,Example 2 - Initial Conditions,Example 2 - Initial Conditions,Example 2 - Initial Conditions,Example 2 - Initial Conditions,Example 2 - Initial Conditions,Example 2 - Initial Conditions,Example 2 - Initial Conditions
Stratification - None:,,Start Step,0,1,2,3,4,5,6,7,8,9,10,1,6,1
,,End Step,0,1,2,3,4,5,6,7,8,9,10,5,10,10
,,Rec Count,100,100,98,96,87,80,71,59,51,46,39,461,266,727
,,Dem. Count,100,100,98,96,87,80,71,59,51,46,39,100,71,100
,Healthy,Sum All,100.0,77.0,65.0,56.0,47.0,40.0,38.0,32.0,30.0,31.0,27.0,285.0,158.0,443.0
,Sick,Sum All,0.0,21.0,31.0,31.0,33.0,31.0,21.0,19.0,16.0,8.0,9.0,147.0,73.0,220.0
,Dead,Sum LOCF,0.0,2.0,4.0,13.0,20.0,29.0,41.0,49.0,54.0,61.0,64.0,29.0,64.0,64.0
