Example 1,Example 1,Example 1,Example 1,Example 1,Example 1,Example 1,Example 1,Example 1,Example 1,Example 1,Example 1,Example 1,Example 1,Example 1,Example 1,Example 1
Example 1,Example 1,Example 1,Example 1,Example 1,Example 1,Example 1,Example 1,Example 1,Example 1,Example 1,Example 1,Example 1,Example 1,Example 1,Example 1,Example 1
Example 1 - Initial Conditions,Example 1 - Initial Conditions,Example 1 - Initial Conditions,Example 1 - Initial Conditions,Example 1 - Initial Conditions,Example 1 - Initial Conditions,Example 1 - Initial Conditions,Example 1 - Initial Conditions,Example 1 - Initial Conditions,Example 1 - Initial Conditions,Example 1 - Initial Conditions,Example 1 - Initial Conditions,Example 1 - Initial Conditions,Example 1 - Initial Conditions,Example 1 - Initial Conditions,Example 1 - Initial Conditions,Example 1 - Initial Conditions
Stratification - None:,,Start Step,0,1,2,3,4,5,6,7,8,9,10,1,6,1
,,End Step,0,1,2,3,4,5,6,7,8,9,10,5,10,10
,,Rec Count,100,100,95,92,85,82,78,74,71,68,65,454,356,810
,,Dem. Count,100,100,95,92,85,82,78,74,71,68,65,100,78,100
,Alive,Sum All,100.0,95.0,92.0,85.0,82.0,78.0,74.0,71.0,68.0,65.0,61.0,432.0,339.0,771.0
,Dead,Sum LOCF,0.0,5.0,8.0,15.0,18.0,22.0,26.0,29.0,32.0,35.0,39.0,22.0,39.0,39.0
