Example 2,Example 2,Example 2,Example 2,Example 2,Example 2,Example 2,Example 2,Example 2,Example 2,Example 2,Example 2,Example 2,Example 2,Example 2,Example 2,Example 2
Example 2,Example 2,Example 2,Example 2,Example 2,Example 2,Example 2,Example 2,Example 2,Example 2,Example 2,Example 2,Example 2,Example 2,Example 2,Example 2,Example 2
Example 2 - Initial Conditions,Example 2 - Initial Conditions,Example 2 - Initial Conditions,Example 2 - Initial Conditions,Example 2 - Initial Conditions,Example 2 - Initial Conditions,Example 2 - Initial Conditions,Example 2 - Initial Conditions,Example 2 - Initial Conditions,Example 2 - Initial Conditions,Example 2 - Initial Conditions,Example 2 - Initial Conditions,Example 2 - Initial Conditions,Example 2 - Initial Conditions,Example 2 - Initial Conditions,Example 2 - Initial Conditions,Example 2 - Initial Conditions
Stratification - None:,,Start Step,0,1,2,3,4,5,6,7,8,9,10,1,6,1
,,End Step,0,1,2,3,4,5,6,7,8,9,10,5,10,10
,,Rec Count,100,100,99,93,80,73,65,56,50,42,33,445,246,691
,,Dem. Count,100,100,99,93,80,73,65,56,50,42,33,100,65,100
,Healthy,Sum All,100.0,80.0,61.0,54.0,51.0,44.0,35.0,31.0,23.0,18.0,16.0,290.0,123.0,413.0
,Sick,Sum All,0.0,19.0,32.0,26.0,22.0,21.0,21.0,19.0,19.0,15.0,8.0,120.0,82.0,202.0
,Dead,Sum LOCF,0.0,1.0,7.0,20.0,27.0,35.0,44.0,50.0,58.0,67.0,76.0,35.0,76.0,76.0
