Example 2,Example 2,Example 2,Example 2,Example 2,Example 2,Example 2,Example 2,Example 2,Example 2,Example 2,Example 2,Example 2,Example 2,Example 2,Example 2,Example 2
Example 2,Example 2,Example 2,Example 2,Example 2,Example 2,Example 2,Example 2,Example 2,Example 2,Example 2,Example 2,Example 2,Example 2,Example 2,Example 2,Example 2
Example 2 - Initial Conditions,Example 2 - Initial Conditions,Example 2 - Initial Conditions,Example 2 - Initial Conditions,Example 2 - Initial Conditions,Example 2 - Initial Conditions,Example 2 - Initial Conditions,Example 2 - Initial Conditions,Example 2 - Initial Conditions,Example 2 - Initial Conditions,Example 2 - Initial Conditions,Example 2 - Initial Conditions,Example 2 - Initial Conditions,Example 2 - Initial Conditions,Example 2 - Initial Conditions,Example 2 - Initial Conditions,Example 2 - Initial Conditions
Stratification - None:,,Start Step,0,1,2,3,4,5,6,7,8,9,10,1,6,1
,,End Step,0,1,2,3,4,5,6,7,8,9,10,5,10,10
,,Rec Count,100,100,100,96,90,80,73,62,60,49,42,466,286,752
,,Dem. Count,100,100,100,96,90,80,73,62,60,49,42,100,73,100
,Healthy,Sum All,100.0,87.0,76.0,66.0,57.0,44.0,40.0,35.0,30.0,28.0,23.0,330.0,156.0,486.0
,Sick,Sum All,0.0,13.0,20.0,24.0,23.0,29.0,22.0,25.0,19.0,14.0,12.0,109.0,92.0,201.0
,Dead,Sum LOCF,0.0,0.0,4.0,10.0,20.0,27.0,38.0,40.0,51.0,58.0,65.0,27.0,65.0,65.0
