Example 1,Example 1,Example 1,Example 1,Example 1,Example 1,Example 1,Example 1,Example 1,Example 1,Example 1,Example 1,Example 1,Example 1,Example 1,Example 1,Example 1
Example 1,Example 1,Example 1,Example 1,Example 1,Example 1,Example 1,Example 1,Example 1,Example 1,Example 1,Example 1,Example 1,Example 1,Example 1,Example 1,Example 1
Example 1 - Initial Conditions,Example 1 - Initial Conditions,Example 1 - Initial Conditions,Example 1 - Initial Conditions,Example 1 - Initial Conditions,Example 1 - Initial Conditions,Example 1 - Initial Conditions,Example 1 - Initial Conditions,Example 1 - Initial Conditions,Example 1 - Initial Conditions,Example 1 - Initial Conditions,Example 1 - Initial Conditions,Example 1 - Initial Conditions,Example 1 - Initial Conditions,Example 1 - Initial Conditions,Example 1 - Initial Conditions,Example 1 - Initial Conditions
Stratification - None:,,Start Step,0,1,2,3,4,5,6,7,8,9,10,1,6,1
,,End Step,0,1,2,3,4,5,6,7,8,9,10,5,10,10
,,Rec Count,100,100,96,90,89,83,76,73,72,63,61,458,345,803
,,Dem. Count,100,100,96,90,89,83,76,73,72,63,61,100,76,100
,Alive,Sum All,100.0,96.0,90.0,89.0,83.0,76.0,73.0,72.0,63.0,61.0,57.0,434.0,326.0,760.0
,Dead,Sum LOCF,0.0,4.0,10.0,11.0,17.0,24.0,27.0,28.0,37.0,39.0,43.0,24.0,43.0,43.0
