Example 2,Example 2,Example 2,Example 2,Example 2,Example 2,Example 2,Example 2,Example 2,Example 2,Example 2,Example 2,Example 2,Example 2,Example 2,Example 2,Example 2
Example 2,Example 2,Example 2,Example 2,Example 2,Example 2,Example 2,Example 2,Example 2,Example 2,Example 2,Example 2,Example 2,Example 2,Example 2,Example 2,Example 2
Example 2 - Initial Conditions,Example 2 - Initial Conditions,Example 2 - Initial Conditions,Example 2 - Initial Conditions,Example 2 - Initial Conditions,Example 2 - Initial Conditions,Example 2 - Initial Conditions,Example 2 - Initial Conditions,Example 2 - Initial Conditions,Example 2 - Initial Conditions,Example 2 - Initial Conditions,Example 2 - Initial Conditions,Example 2 - Initial Conditions,Example 2 - Initial Conditions,Example 2 - Initial Conditions,Example 2 - Initial Conditions,Example 2 - Initial Conditions
Stratification - None:,,Start Step,0,1,2,3,4,5,6,7,8,9,10,1,6,1
,,End Step,0,1,2,3,4,5,6,7,8,9,10,5,10,10
,,Rec Count,100,100,96,93,87,74,67,55,50,42,40,450,254,704
,,Dem. Count,100,100,96,93,87,74,67,55,50,42,40,100,67,100
,Healthy,Sum All,100.0,80.0,66.0,51.0,46.0,39.0,31.0,30.0,31.0,23.0,16.0,282.0,131.0,413.0
,Sick,Sum All,0.0,16.0,27.0,36.0,28.0,28.0,24.0,20.0,11.0,17.0,18.0,135.0,90.0,225.0
,Dead,Sum LOCF,0.0,4.0,7.0,13.0,26.0,33.0,45.0,50.0,58.0,60.0,66.0,33.0,66.0,66.0
