Example 1,Example 1,Example 1,Example 1,Example 1,Example 1,Example 1,Example 1,Example 1,Example 1,Example 1,Example 1,Example 1,Example 1,Example 1,Example 1,Example 1
Example 1,Example 1,Example 1,Example 1,Example 1,Example 1,Example 1,Example 1,Example 1,Example 1,Example 1,Example 1,Example 1,Example 1,Example 1,Example 1,Example 1
Example 1 - Initial Conditions,Example 1 - Initial Conditions,Example 1 - Initial Conditions,Example 1 - Initial Conditions,Example 1 - Initial Conditions,Example 1 - Initial Conditions,Example 1 - Initial Conditions,Example 1 - Initial Conditions,Example 1 - Initial Conditions,Example 1 - Initial Conditions,Example 1 - Initial Conditions,Example 1 - Initial Conditions,Example 1 - Initial Conditions,Example 1 - Initial Conditions,Example 1 - Initial Conditions,Example 1 - Initial Conditions,Example 1 - Initial Conditions
Stratification - None:,,Start Step,0,1,2,3,4,5,6,7,8,9,10,1,6,1
,,End Step,0,1,2,3,4,5,6,7,8,9,10,5,10,10
,,Rec Count,100,100,94,91,86,82,77,72,67,64,62,453,342,795
,,Dem. Count,100,100,94,91,86,82,77,72,67,64,62,100,77,100
,Alive,Sum All,100.0,94.0,91.0,86.0,82.0,77.0,72.0,67.0,64.0,62.0,56.0,430.0,321.0,751.0
,Dead,Sum LOCF,0.0,6.0,9.0,14.0,18.0,23.0,28.0,33.0,36.0,38.0,44.0,23.0,44.0,44.0
