Example 2,Example 2,Example 2,Example 2,Example 2,Example 2,Example 2,Example 2,Example 2,Example 2,Example 2,Example 2,Example 2,Example 2,Example 2,Example 2,Example 2
Example 2,Example 2,Example 2,Example 2,Example 2,Example 2,Example 2,Example 2,Example 2,Example 2,Example 2,Example 2,Example 2,Example 2,Example 2,Example 2,Example 2
Example 2 - Initial Conditions,Example 2 - Initial Conditions,Example 2 - Initial Conditions,Example 2 - Initial Conditions,Example 2 - Initial Conditions,Example 2 - Initial Conditions,Example 2 - Initial Conditions,Example 2 - Initial Conditions,Example 2 - Initial Conditions,Example 2 - Initial Conditions,Example 2 - Initial Conditions,Example 2 - Initial Conditions,Example 2 - Initial Conditions,Example 2 - Initial Conditions,Example 2 - Initial Conditions,Example 2 - Initial Conditions,Example 2 - Initial Conditions
Stratification - None:,,Start Step,0,1,2,3,4,5,6,7,8,9,10,1,6,1
,,End Step,0,1,2,3,4,5,6,7,8,9,10,5,10,10
,,Rec Count,100,100,99,94,83,75,65,52,47,41,37,451,242,693
,,Dem. Count,100,100,99,94,83,75,65,52,47,41,37,100,65,100
,Healthy,Sum All,100.0,82.0,70.0,60.0,49.0,36.0,33.0,31.0,28.0,25.0,20.0,297.0,137.0,434.0
,Sick,Sum All,0.0,17.0,24.0,23.0,26.0,29.0,19.0,16.0,13.0,12.0,8.0,119.0,68.0,187.0
,Dead,Sum LOCF,0.0,1.0,6.0,17.0,25.0,35.0,48.0,53.0,59.0,63.0,72.0,35.0,72.0,72.0
