Example 2,Example 2,Example 2,Example 2,Example 2,Example 2,Example 2,Example 2,Example 2,Example 2,Example 2,Example 2,Example 2,Example 2,Example 2,Example 2,Example 2
Example 2,Example 2,Example 2,Example 2,Example 2,Example 2,Example 2,Example 2,Example 2,Example 2,Example 2,Example 2,Example 2,Example 2,Example 2,Example 2,Example 2
Example 2 - Initial Conditions,Example 2 - Initial Conditions,Example 2 - Initial Conditions,Example 2 - Initial Conditions,Example 2 - Initial Conditions,Example 2 - Initial Conditions,Example 2 - Initial Conditions,Example 2 - Initial Conditions,Example 2 - Initial Conditions,Example 2 - Initial Conditions,Example 2 - Initial Conditions,Example 2 - Initial Conditions,Example 2 - Initial Conditions,Example 2 - Initial Conditions,Example 2 - Initial Conditions,Example 2 - Initial Conditions,Example 2 - Initial Conditions
Stratification - None:,,Start Step,0,1,2,3,4,5,6,7,8,9,10,1,6,1
,,End Step,0,1,2,3,4,5,6,7,8,9,10,5,10,10
,,Rec Count,100,100,100,93,83,71,61,57,48,44,39,447,249,696
,,Dem. Count,100,100,100,93,83,71,61,57,48,44,39,100,61,100
,Healthy,Sum All,100.0,81.0,59.0,54.0,51.0,37.0,37.0,34.0,25.0,22.0,19.0,282.0,137.0,419.0
,Sick,Sum All,0.0,19.0,34.0,29.0,20.0,24.0,20.0,14.0,19.0,17.0,17.0,126.0,87.0,213.0
,Dead,Sum LOCF,0.0,0.0,7.0,17.0,29.0,39.0,43.0,52.0,56.0,61.0,64.0,39.0,64.0,64.0
