Example 2,Example 2,Example 2,Example 2,Example 2,Example 2,Example 2,Example 2,Example 2,Example 2,Example 2,Example 2,Example 2,Example 2,Example 2,Example 2,Example 2
Example 2,Example 2,Example 2,Example 2,Example 2,Example 2,Example 2,Example 2,Example 2,Example 2,Example 2,Example 2,Example 2,Example 2,Example 2,Example 2,Example 2
Example 2 - Initial Conditions,Example 2 - Initial Conditions,Example 2 - Initial Conditions,Example 2 - Initial Conditions,Example 2 - Initial Conditions,Example 2 - Initial Conditions,Example 2 - Initial Conditions,Example 2 - Initial Conditions,Example 2 - Initial Conditions,Example 2 - Initial Conditions,Example 2 - Initial Conditions,Example 2 - Initial Conditions,Example 2 - Initial Conditions,Example 2 - Initial Conditions,Example 2 - Initial Conditions,Example 2 - Initial Conditions,Example 2 - Initial Conditions
Stratification - None:,,Start Step,0,1,2,3,4,5,6,7,8,9,10,1,6,1
,,End Step,0,1,2,3,4,5,6,7,8,9,10,5,10,10
,,Rec Count,100,100,100,90,80,71,60,54,45,37,34,441,230,671
,,Dem. Count,100,100,100,90,80,71,60,54,45,37,34,100,60,100
,Healthy,Sum All,100.0,80.0,69.0,55.0,44.0,39.0,30.0,29.0,27.0,21.0,17.0,287.0,124.0,411.0
,Sick,Sum All,0.0,20.0,21.0,25.0,27.0,21.0,24.0,16.0,10.0,13.0,16.0,114.0,79.0,193.0
,Dead,Sum LOCF,0.0,0.0,10.0,20.0,29.0,40.0,46.0,55.0,63.0,66.0,67.0,40.0,67.0,67.0
