Example 2,Example 2,Example 2,Example 2,Example 2,Example 2,Example 2,Example 2,Example 2,Example 2,Example 2,Example 2,Example 2,Example 2,Example 2,Example 2,Example 2
Example 2,Example 2,Example 2,Example 2,Example 2,Example 2,Example 2,Example 2,Example 2,Example 2,Example 2,Example 2,Example 2,Example 2,Example 2,Example 2,Example 2
Example 2 - Initial Conditions,Example 2 - Initial Conditions,Example 2 - Initial Conditions,Example 2 - Initial Conditions,Example 2 - Initial Conditions,Example 2 - Initial Conditions,Example 2 - Initial Conditions,Example 2 - Initial Conditions,Example 2 - Initial Conditions,Example 2 - Initial Conditions,Example 2 - Initial Conditions,Example 2 - Initial Conditions,Example 2 - Initial Conditions,Example 2 - Initial Conditions,Example 2 - Initial Conditions,Example 2 - Initial Conditions,Example 2 - Initial Conditions
Stratification - None:,,Start Step,0,1,2,3,4,5,6,7,8,9,10,1,6,1
,,End Step,0,1,2,3,4,5,6,7,8,9,10,5,10,10
,,Rec Count,100,100,100,94,85,81,73,64,57,51,43,460,288,748
,,Dem. Count,100,100,100,94,85,81,73,64,57,51,43,100,73,100
,Healthy,Sum All,100.0,83.0,74.0,63.0,53.0,51.0,45.0,40.0,31.0,22.0,22.0,324.0,160.0,484.0
,Sick,Sum All,0.0,17.0,20.0,22.0,28.0,22.0,19.0,17.0,20.0,21.0,10.0,109.0,87.0,196.0
,Dead,Sum LOCF,0.0,0.0,6.0,15.0,19.0,27.0,36.0,43.0,49.0,57.0,68.0,27.0,68.0,68.0
