Example 2,Example 2,Example 2,Example 2,Example 2,Example 2,Example 2,Example 2,Example 2,Example 2,Example 2,Example 2,Example 2,Example 2,Example 2,Example 2,Example 2
Example 2,Example 2,Example 2,Example 2,Example 2,Example 2,Example 2,Example 2,Example 2,Example 2,Example 2,Example 2,Example 2,Example 2,Example 2,Example 2,Example 2
Example 2 - Initial Conditions,Example 2 - Initial Conditions,Example 2 - Initial Conditions,Example 2 - Initial Conditions,Example 2 - Initial Conditions,Example 2 - Initial Conditions,Example 2 - Initial Conditions,Example 2 - Initial Conditions,Example 2 - Initial Conditions,Example 2 - Initial Conditions,Example 2 - Initial Conditions,Example 2 - Initial Conditions,Example 2 - Initial Conditions,Example 2 - Initial Conditions,Example 2 - Initial Conditions,Example 2 - Initial Conditions,Example 2 - Initial Conditions
Stratification - None:,,Start Step,0,1,2,3,4,5,6,7,8,9,10,1,6,1
,,End Step,0,1,2,3,4,5,6,7,8,9,10,5,10,10
,,Rec Count,100,100,97,90,82,70,60,56,47,43,33,439,239,678
,,Dem. Count,100,100,97,90,82,70,60,56,47,43,33,100,60,100
,Healthy,Sum All,100.0,77.0,62.0,52.0,39.0,38.0,35.0,27.0,17.0,15.0,12.0,268.0,106.0,374.0
,Sick,Sum All,0.0,20.0,28.0,30.0,31.0,22.0,21.0,20.0,26.0,18.0,16.0,131.0,101.0,232.0
,Dead,Sum LOCF,0.0,3.0,10.0,18.0,30.0,40.0,44.0,53.0,57.0,67.0,72.0,40.0,72.0,72.0
