Example 2,Example 2,Example 2,Example 2,Example 2,Example 2,Example 2,Example 2,Example 2,Example 2,Example 2,Example 2,Example 2,Example 2,Example 2,Example 2,Example 2
Example 2,Example 2,Example 2,Example 2,Example 2,Example 2,Example 2,Example 2,Example 2,Example 2,Example 2,Example 2,Example 2,Example 2,Example 2,Example 2,Example 2
Example 2 - Initial Conditions,Example 2 - Initial Conditions,Example 2 - Initial Conditions,Example 2 - Initial Conditions,Example 2 - Initial Conditions,Example 2 - Initial Conditions,Example 2 - Initial Conditions,Example 2 - Initial Conditions,Example 2 - Initial Conditions,Example 2 - Initial Conditions,Example 2 - Initial Conditions,Example 2 - Initial Conditions,Example 2 - Initial Conditions,Example 2 - Initial Conditions,Example 2 - Initial Conditions,Example 2 - Initial Conditions,Example 2 - Initial Conditions
Stratification - None:,,Start Step,0,1,2,3,4,5,6,7,8,9,10,1,6,1
,,End Step,0,1,2,3,4,5,6,7,8,9,10,5,10,10
,,Rec Count,100,100,100,95,86,75,65,55,47,41,37,456,245,701
,,Dem. Count,100,100,100,95,86,75,65,55,47,41,37,100,65,100
,Healthy,Sum All,100.0,83.0,66.0,54.0,44.0,33.0,29.0,29.0,23.0,20.0,19.0,280.0,120.0,400.0
,Sick,Sum All,0.0,17.0,29.0,32.0,31.0,32.0,26.0,18.0,18.0,17.0,14.0,141.0,93.0,234.0
,Dead,Sum LOCF,0.0,0.0,5.0,14.0,25.0,35.0,45.0,53.0,59.0,63.0,67.0,35.0,67.0,67.0
