Example 2,Example 2,Example 2,Example 2,Example 2,Example 2,Example 2,Example 2,Example 2,Example 2,Example 2,Example 2,Example 2,Example 2,Example 2,Example 2,Example 2
Example 2,Example 2,Example 2,Example 2,Example 2,Example 2,Example 2,Example 2,Example 2,Example 2,Example 2,Example 2,Example 2,Example 2,Example 2,Example 2,Example 2
Example 2 - Initial Conditions,Example 2 - Initial Conditions,Example 2 - Initial Conditions,Example 2 - Initial Conditions,Example 2 - Initial Conditions,Example 2 - Initial Conditions,Example 2 - Initial Conditions,Example 2 - Initial Conditions,Example 2 - Initial Conditions,Example 2 - Initial Conditions,Example 2 - Initial Conditions,Example 2 - Initial Conditions,Example 2 - Initial Conditions,Example 2 - Initial Conditions,Example 2 - Initial Conditions,Example 2 - Initial Conditions,Example 2 - Initial Conditions
Stratification - None:,,Start Step,0,1,2,3,4,5,6,7,8,9,10,1,6,1
,,End Step,0,1,2,3,4,5,6,7,8,9,10,5,10,10
,,Rec Count,100,100,99,96,86,78,71,64,51,46,41,459,273,732
,,Dem. Count,100,100,99,96,86,78,71,64,51,46,41,100,71,100
,Healthy,Sum All,100.0,80.0,67.0,62.0,49.0,39.0,32.0,33.0,25.0,17.0,17.0,297.0,124.0,421.0
,Sick,Sum All,0.0,19.0,29.0,24.0,29.0,32.0,32.0,18.0,21.0,24.0,16.0,133.0,111.0,244.0
,Dead,Sum LOCF,0.0,1.0,4.0,14.0,22.0,29.0,36.0,49.0,54.0,59.0,67.0,29.0,67.0,67.0
