Example 2,Example 2,Example 2,Example 2,Example 2,Example 2,Example 2,Example 2,Example 2,Example 2,Example 2,Example 2,Example 2,Example 2,Example 2,Example 2,Example 2
Example 2,Example 2,Example 2,Example 2,Example 2,Example 2,Example 2,Example 2,Example 2,Example 2,Example 2,Example 2,Example 2,Example 2,Example 2,Example 2,Example 2
Example 2 - Initial Conditions,Example 2 - Initial Conditions,Example 2 - Initial Conditions,Example 2 - Initial Conditions,Example 2 - Initial Conditions,Example 2 - Initial Conditions,Example 2 - Initial Conditions,Example 2 - Initial Conditions,Example 2 - Initial Conditions,Example 2 - Initial Conditions,Example 2 - Initial Conditions,Example 2 - Initial Conditions,Example 2 - Initial Conditions,Example 2 - Initial Conditions,Example 2 - Initial Conditions,Example 2 - Initial Conditions,Example 2 - Initial Conditions
Stratification - None:,,Start Step,0,1,2,3,4,5,6,7,8,9,10,1,6,1
,,End Step,0,1,2,3,4,5,6,7,8,9,10,5,10,10
,,Rec Count,100,100,99,89,79,72,63,52,48,42,40,439,245,684
,,Dem. Count,100,100,99,89,79,72,63,52,48,42,40,100,63,100
,Healthy,Sum All,100.0,75.0,58.0,56.0,48.0,38.0,29.0,29.0,26.0,24.0,19.0,275.0,127.0,402.0
,Sick,Sum All,0.0,24.0,31.0,23.0,24.0,25.0,23.0,19.0,16.0,16.0,16.0,127.0,90.0,217.0
,Dead,Sum LOCF,0.0,1.0,11.0,21.0,28.0,37.0,48.0,52.0,58.0,60.0,65.0,37.0,65.0,65.0
