Example 2,Example 2,Example 2,Example 2,Example 2,Example 2,Example 2,Example 2,Example 2,Example 2,Example 2,Example 2,Example 2,Example 2,Example 2,Example 2,Example 2
Example 2,Example 2,Example 2,Example 2,Example 2,Example 2,Example 2,Example 2,Example 2,Example 2,Example 2,Example 2,Example 2,Example 2,Example 2,Example 2,Example 2
Example 2 - Initial Conditions,Example 2 - Initial Conditions,Example 2 - Initial Conditions,Example 2 - Initial Conditions,Example 2 - Initial Conditions,Example 2 - Initial Conditions,Example 2 - Initial Conditions,Example 2 - Initial Conditions,Example 2 - Initial Conditions,Example 2 - Initial Conditions,Example 2 - Initial Conditions,Example 2 - Initial Conditions,Example 2 - Initial Conditions,Example 2 - Initial Conditions,Example 2 - Initial Conditions,Example 2 - Initial Conditions,Example 2 - Initial Conditions
Stratification - None:,,Start Step,0,1,2,3,4,5,6,7,8,9,10,1,6,1
,,End Step,0,1,2,3,4,5,6,7,8,9,10,5,10,10
,,Rec Count,100,100,100,97,91,82,73,62,60,49,42,469,286,752
,,Dem. Count,100,100,100,97,91,82,73,62,60,49,42,100,73,100
,Healthy,Sum All,100.0,87.0,76.0,66.0,57.0,45.0,40.0,35.0,30.0,31.0,27.0,330.0,158.0,486.0
,Sick,Sum All,0.0,23.0,38.0,36.0,35.0,34.0,24.0,25.0,23.0,21.0,16.0,152.0,100.0,252.0
,Dead,Sum LOCF,0.0,2.0,10.0,23.0,32.0,42.0,51.0,57.0,65.0,67.0,76.0,42.0,76.0,76.0
,Repetition count,,10,10,10,10,10,10,10,10,10,10,10,10,10,10
