Example 1,Example 1,Example 1,Example 1,Example 1,Example 1,Example 1,Example 1,Example 1,Example 1,Example 1,Example 1,Example 1,Example 1,Example 1,Example 1,Example 1
Example 1,Example 1,Example 1,Example 1,Example 1,Example 1,Example 1,Example 1,Example 1,Example 1,Example 1,Example 1,Example 1,Example 1,Example 1,Example 1,Example 1
Example 1 - Initial Conditions,Example 1 - Initial Conditions,Example 1 - Initial Conditions,Example 1 - Initial Conditions,Example 1 - Initial Conditions,Example 1 - Initial Conditions,Example 1 - Initial Conditions,Example 1 - Initial Conditions,Example 1 - Initial Conditions,Example 1 - Initial Conditions,Example 1 - Initial Conditions,Example 1 - Initial Conditions,Example 1 - Initial Conditions,Example 1 - Initial Conditions,Example 1 - Initial Conditions,Example 1 - Initial Conditions,Example 1 - Initial Conditions
Stratification - None:,,Start Step,0,1,2,3,4,5,6,7,8,9,10,1,6,1
,,End Step,0,1,2,3,4,5,6,7,8,9,10,5,10,10
,,Rec Count,100,100,97,93,86,81,77,71,69,65,63,457,345,802
,,Dem. Count,100,100,97,93,86,81,77,71,69,65,63,100,77,100
,Alive,Sum All,100.0,97.0,93.0,86.0,81.0,77.0,71.0,69.0,65.0,63.0,58.0,434.0,326.0,760.0
,Dead,Sum LOCF,0.0,3.0,7.0,14.0,19.0,23.0,29.0,31.0,35.0,37.0,42.0,23.0,42.0,42.0
