Example 2,Example 2,Example 2,Example 2,Example 2,Example 2,Example 2,Example 2,Example 2,Example 2,Example 2,Example 2,Example 2,Example 2,Example 2,Example 2,Example 2
Example 2,Example 2,Example 2,Example 2,Example 2,Example 2,Example 2,Example 2,Example 2,Example 2,Example 2,Example 2,Example 2,Example 2,Example 2,Example 2,Example 2
Example 2 - Initial Conditions,Example 2 - Initial Conditions,Example 2 - Initial Conditions,Example 2 - Initial Conditions,Example 2 - Initial Conditions,Example 2 - Initial Conditions,Example 2 - Initial Conditions,Example 2 - Initial Conditions,Example 2 - Initial Conditions,Example 2 - Initial Conditions,Example 2 - Initial Conditions,Example 2 - Initial Conditions,Example 2 - Initial Conditions,Example 2 - Initial Conditions,Example 2 - Initial Conditions,Example 2 - Initial Conditions,Example 2 - Initial Conditions
Stratification - None:,,Start Step,0,1,2,3,4,5,6,7,8,9,10,1,6,1
,,End Step,0,1,2,3,4,5,6,7,8,9,10,5,10,10
,,Rec Count,100,100,98,97,87,83,76,63,52,49,38,465,278,743
,,Dem. Count,100,100,98,97,87,83,76,63,52,49,38,100,76,100
,Healthy,Sum All,100.0,88.0,75.0,66.0,54.0,41.0,37.0,30.0,25.0,22.0,18.0,324.0,132.0,456.0
,Sick,Sum All,0.0,10.0,22.0,21.0,29.0,35.0,26.0,22.0,24.0,16.0,13.0,117.0,101.0,218.0
,Dead,Sum LOCF,0.0,2.0,3.0,13.0,17.0,24.0,37.0,48.0,51.0,62.0,69.0,24.0,69.0,69.0
