Example 2,Example 2,Example 2,Example 2,Example 2,Example 2,Example 2,Example 2,Example 2,Example 2,Example 2,Example 2,Example 2,Example 2,Example 2,Example 2,Example 2
Example 2,Example 2,Example 2,Example 2,Example 2,Example 2,Example 2,Example 2,Example 2,Example 2,Example 2,Example 2,Example 2,Example 2,Example 2,Example 2,Example 2
Example 2 - Initial Conditions,Example 2 - Initial Conditions,Example 2 - Initial Conditions,Example 2 - Initial Conditions,Example 2 - Initial Conditions,Example 2 - Initial Conditions,Example 2 - Initial Conditions,Example 2 - Initial Conditions,Example 2 - Initial Conditions,Example 2 - Initial Conditions,Example 2 - Initial Conditions,Example 2 - Initial Conditions,Example 2 - Initial Conditions,Example 2 - Initial Conditions,Example 2 - Initial Conditions,Example 2 - Initial Conditions,Example 2 - Initial Conditions
Stratification - None:,,Start Step,0,1,2,3,4,5,6,7,8,9,10,1,6,1
,,End Step,0,1,2,3,4,5,6,7,8,9,10,5,10,10
,,Rec Count,100,100,99,93,85,71,63,56,54,51,43,448,267,715
,,Dem. Count,100,100,99,93,85,71,63,56,54,51,43,100,63,100
,Healthy,Sum All,100.0,79.0,62.0,50.0,41.0,37.0,41.0,36.0,31.0,24.0,18.0,269.0,150.0,419.0
,Sick,Sum All,0.0,20.0,31.0,35.0,30.0,26.0,15.0,18.0,20.0,19.0,20.0,142.0,92.0,234.0
,Dead,Sum LOCF,0.0,1.0,7.0,15.0,29.0,37.0,44.0,46.0,49.0,57.0,62.0,37.0,62.0,62.0
