Example 1,Example 1,Example 1,Example 1,Example 1,Example 1,Example 1,Example 1,Example 1,Example 1,Example 1,Example 1,Example 1,Example 1,Example 1,Example 1,Example 1
Example 1,Example 1,Example 1,Example 1,Example 1,Example 1,Example 1,Example 1,Example 1,Example 1,Example 1,Example 1,Example 1,Example 1,Example 1,Example 1,Example 1
Example 1 - Initial Conditions,Example 1 - Initial Conditions,Example 1 - Initial Conditions,Example 1 - Initial Conditions,Example 1 - Initial Conditions,Example 1 - Initial Conditions,Example 1 - Initial Conditions,Example 1 - Initial Conditions,Example 1 - Initial Conditions,Example 1 - Initial Conditions,Example 1 - Initial Conditions,Example 1 - Initial Conditions,Example 1 - Initial Conditions,Example 1 - Initial Conditions,Example 1 - Initial Conditions,Example 1 - Initial Conditions,Example 1 - Initial Conditions
Stratification - None:,,Start Step,0,1,2,3,4,5,6,7,8,9,10,1,6,1
,,End Step,0,1,2,3,4,5,6,7,8,9,10,5,10,10
,,Rec Count,100.0,100.0,95.0,90.5,84.5,79.0,76.5,73.0,67.5,64.5,61.0,449.0,341.0,789.0
,,Dem. Count,100.0,100.0,95.0,90.5,84.5,79.0,76.5,73.0,67.5,64.5,61.0,100.0,76.5,100.0
,Alive,Sum All,100.0,95.0,90.5,84.5,79.0,76.5,73.0,67.5,64.5,61.0,58.0,425.0,323.5,746.0
,Dead,Sum LOCF,0.0,5.0,9.5,15.5,21.0,23.5,27.0,32.5,35.5,39.0,42.0,23.5,42.0,42.0
,Repetition count,,10,10,10,10,10,10,10,10,10,10,10,10,10,10
