Example 2,Example 2,Example 2,Example 2,Example 2,Example 2,Example 2,Example 2,Example 2,Example 2,Example 2,Example 2,Example 2,Example 2,Example 2,Example 2,Example 2
Example 2,Example 2,Example 2,Example 2,Example 2,Example 2,Example 2,Example 2,Example 2,Example 2,Example 2,Example 2,Example 2,Example 2,Example 2,Example 2,Example 2
Example 2 - Initial Conditions,Example 2 - Initial Conditions,Example 2 - Initial Conditions,Example 2 - Initial Conditions,Example 2 - Initial Conditions,Example 2 - Initial Conditions,Example 2 - Initial Conditions,Example 2 - Initial Conditions,Example 2 - Initial Conditions,Example 2 - Initial Conditions,Example 2 - Initial Conditions,Example 2 - Initial Conditions,Example 2 - Initial Conditions,Example 2 - Initial Conditions,Example 2 - Initial Conditions,Example 2 - Initial Conditions,Example 2 - Initial Conditions
Stratification - None:,,Start Step,0,1,2,3,4,5,6,7,8,9,10,1,6,1
,,End Step,0,1,2,3,4,5,6,7,8,9,10,5,10,10
,,Rec Count,100.0,100.0,98.599999999999994,93.299999999999997,83.200000000000003,74.700000000000003,66.099999999999994,56.100000000000001,49.799999999999997,42.600000000000001,36.899999999999999,449.80000000000001,251.5,701.29999999999995
,,Dem. Count,100.0,100.0,98.599999999999994,93.299999999999997,83.200000000000003,74.700000000000003,66.099999999999994,56.100000000000001,49.799999999999997,42.600000000000001,36.899999999999999,100.0,66.099999999999994,100.0
,Healthy,Sum All,100.0,80.700000000000003,65.099999999999994,55.399999999999999,46.600000000000001,39.700000000000003,35.0,30.300000000000001,25.699999999999999,22.199999999999999,18.399999999999999,287.5,131.59999999999999,419.10000000000002
,Sick,Sum All,0.0,17.899999999999999,28.199999999999999,27.800000000000001,28.100000000000001,26.399999999999999,21.100000000000001,19.5,16.899999999999999,14.699999999999999,12.4,128.40000000000001,84.599999999999994,213.0
,Dead,Sum LOCF,0.0,1.3999999999999999,6.7000000000000002,16.800000000000001,25.300000000000001,33.899999999999999,43.899999999999999,50.200000000000003,57.399999999999999,63.100000000000001,69.200000000000003,33.899999999999999,69.200000000000003,69.200000000000003
,Repetition count,,10,10,10,10,10,10,10,10,10,10,10,10,10,10
