Example 2,Example 2,Example 2,Example 2,Example 2,Example 2,Example 2,Example 2,Example 2,Example 2,Example 2,Example 2,Example 2,Example 2,Example 2,Example 2,Example 2
Example 2,Example 2,Example 2,Example 2,Example 2,Example 2,Example 2,Example 2,Example 2,Example 2,Example 2,Example 2,Example 2,Example 2,Example 2,Example 2,Example 2
Example 2 - Initial Conditions,Example 2 - Initial Conditions,Example 2 - Initial Conditions,Example 2 - Initial Conditions,Example 2 - Initial Conditions,Example 2 - Initial Conditions,Example 2 - Initial Conditions,Example 2 - Initial Conditions,Example 2 - Initial Conditions,Example 2 - Initial Conditions,Example 2 - Initial Conditions,Example 2 - Initial Conditions,Example 2 - Initial Conditions,Example 2 - Initial Conditions,Example 2 - Initial Conditions,Example 2 - Initial Conditions,Example 2 - Initial Conditions
Stratification - None:,,Start Step,0,1,2,3,4,5,6,7,8,9,10,1,6,1
,,End Step,0,1,2,3,4,5,6,7,8,9,10,5,10,10
,,Rec Count,100,100,98,90,77,68,58,49,43,35,33,433,218,656
,,Dem. Count,100,100,98,90,77,68,58,49,43,35,33,100,58,100
,Healthy,Sum All,100.0,75.0,54.0,46.0,39.0,33.0,30.0,24.0,19.0,16.0,13.0,258.0,104.0,373.0
,Sick,Sum All,0.0,12.0,20.0,21.0,22.0,17.0,19.0,16.0,10.0,8.0,8.0,105.0,67.0,172.0
,Dead,Sum LOCF,0.0,0.0,3.0,9.0,18.0,27.0,38.0,40.0,51.0,58.0,64.0,27.0,64.0,64.0
,Repetition count,,10,10,10,10,10,10,10,10,10,10,10,10,10,10
