Example 2,Example 2,Example 2,Example 2,Example 2,Example 2,Example 2,Example 2,Example 2,Example 2,Example 2,Example 2,Example 2,Example 2,Example 2,Example 2,Example 2
Example 2,Example 2,Example 2,Example 2,Example 2,Example 2,Example 2,Example 2,Example 2,Example 2,Example 2,Example 2,Example 2,Example 2,Example 2,Example 2,Example 2
Example 2 - Initial Conditions,Example 2 - Initial Conditions,Example 2 - Initial Conditions,Example 2 - Initial Conditions,Example 2 - Initial Conditions,Example 2 - Initial Conditions,Example 2 - Initial Conditions,Example 2 - Initial Conditions,Example 2 - Initial Conditions,Example 2 - Initial Conditions,Example 2 - Initial Conditions,Example 2 - Initial Conditions,Example 2 - Initial Conditions,Example 2 - Initial Conditions,Example 2 - Initial Conditions,Example 2 - Initial Conditions,Example 2 - Initial Conditions
Stratification - None:,,Start Step,0,1,2,3,4,5,6,7,8,9,10,1,6,1
,,End Step,0,1,2,3,4,5,6,7,8,9,10,5,10,10
,,Rec Count,100,100,99,90,81,69,60,50,41,36,34,439,221,660
,,Dem. Count,100,100,99,90,81,69,60,50,41,36,34,100,60,100
,Healthy,Sum All,100.0,79.0,63.0,54.0,41.0,39.0,30.0,24.0,21.0,20.0,22.0,276.0,117.0,393.0
,Sick,Sum All,0.0,20.0,27.0,27.0,28.0,21.0,20.0,17.0,15.0,14.0,8.0,123.0,74.0,197.0
,Dead,Sum LOCF,0.0,1.0,10.0,19.0,31.0,40.0,50.0,59.0,64.0,66.0,70.0,40.0,70.0,70.0
