Example 2,Example 2,Example 2,Example 2,Example 2,Example 2,Example 2,Example 2,Example 2,Example 2,Example 2,Example 2,Example 2,Example 2,Example 2,Example 2,Example 2
Example 2,Example 2,Example 2,Example 2,Example 2,Example 2,Example 2,Example 2,Example 2,Example 2,Example 2,Example 2,Example 2,Example 2,Example 2,Example 2,Example 2
Example 2 - Initial Conditions,Example 2 - Initial Conditions,Example 2 - Initial Conditions,Example 2 - Initial Conditions,Example 2 - Initial Conditions,Example 2 - Initial Conditions,Example 2 - Initial Conditions,Example 2 - Initial Conditions,Example 2 - Initial Conditions,Example 2 - Initial Conditions,Example 2 - Initial Conditions,Example 2 - Initial Conditions,Example 2 - Initial Conditions,Example 2 - Initial Conditions,Example 2 - Initial Conditions,Example 2 - Initial Conditions,Example 2 - Initial Conditions
Stratification - None:,,Start Step,0,1,2,3,4,5,6,7,8,9,10,1,6,1
,,End Step,0,1,2,3,4,5,6,7,8,9,10,5,10,10
,,Rec Count,100,100,99,93,76,65,60,54,47,41,39,433,241,674
,,Dem. Count,100,100,99,93,76,65,60,54,47,41,39,100,60,100
,Healthy,Sum All,100.0,73.0,63.0,47.0,39.0,38.0,32.0,27.0,25.0,24.0,20.0,260.0,128.0,388.0
,Sick,Sum All,0.0,26.0,30.0,29.0,26.0,22.0,22.0,20.0,16.0,15.0,16.0,133.0,89.0,222.0
,Dead,Sum LOCF,0.0,1.0,7.0,24.0,35.0,40.0,46.0,53.0,59.0,61.0,64.0,40.0,64.0,64.0
