Example 2,Example 2,Example 2,Example 2,Example 2,Example 2,Example 2,Example 2,Example 2,Example 2,Example 2,Example 2,Example 2,Example 2,Example 2,Example 2,Example 2
Example 2,Example 2,Example 2,Example 2,Example 2,Example 2,Example 2,Example 2,Example 2,Example 2,Example 2,Example 2,Example 2,Example 2,Example 2,Example 2,Example 2
Example 2 - Initial Conditions,Example 2 - Initial Conditions,Example 2 - Initial Conditions,Example 2 - Initial Conditions,Example 2 - Initial Conditions,Example 2 - Initial Conditions,Example 2 - Initial Conditions,Example 2 - Initial Conditions,Example 2 - Initial Conditions,Example 2 - Initial Conditions,Example 2 - Initial Conditions,Example 2 - Initial Conditions,Example 2 - Initial Conditions,Example 2 - Initial Conditions,Example 2 - Initial Conditions,Example 2 - Initial Conditions,Example 2 - Initial Conditions
Stratification - None:,,Start Step,0,1,2,3,4,5,6,7,8,9,10,1,6,1
,,End Step,0,1,2,3,4,5,6,7,8,9,10,5,10,10
,,Rec Count,100,100,100,92,88,75,71,64,59,53,47,455,294,749
,,Dem. Count,100,100,100,92,88,75,71,64,59,53,47,100,71,100
,Healthy,Sum All,100.0,83.0,69.0,63.0,52.0,48.0,43.0,34.0,31.0,31.0,27.0,315.0,166.0,481.0
,Sick,Sum All,0.0,17.0,23.0,25.0,23.0,23.0,21.0,25.0,22.0,16.0,19.0,111.0,103.0,214.0
,Dead,Sum LOCF,0.0,0.0,8.0,12.0,25.0,29.0,36.0,41.0,47.0,53.0,54.0,29.0,54.0,54.0
