Example 1,Example 1,Example 1,Example 1,Example 1,Example 1,Example 1,Example 1,Example 1,Example 1,Example 1,Example 1,Example 1,Example 1,Example 1,Example 1,Example 1
Example 1,Example 1,Example 1,Example 1,Example 1,Example 1,Example 1,Example 1,Example 1,Example 1,Example 1,Example 1,Example 1,Example 1,Example 1,Example 1,Example 1
Example 1 - Initial Conditions,Example 1 - Initial Conditions,Example 1 - Initial Conditions,Example 1 - Initial Conditions,Example 1 - Initial Conditions,Example 1 - Initial Conditions,Example 1 - Initial Conditions,Example 1 - Initial Conditions,Example 1 - Initial Conditions,Example 1 - Initial Conditions,Example 1 - Initial Conditions,Example 1 - Initial Conditions,Example 1 - Initial Conditions,Example 1 - Initial Conditions,Example 1 - Initial Conditions,Example 1 - Initial Conditions,Example 1 - Initial Conditions
Stratification - None:,,Start Step,0,1,2,3,4,5,6,7,8,9,10,1,6,1
,,End Step,0,1,2,3,4,5,6,7,8,9,10,5,10,10
,,Rec Count,100,100,92,78,77,73,69,65,61,58,56,420,313,737
,,Dem. Count,100,100,92,78,77,73,69,65,61,58,56,100,69,100
,Alive,Sum All,100.0,92.0,78.0,77.0,73.0,69.0,65.0,61.0,58.0,56.0,54.0,389.0,298.0,695.0
,Dead,Sum LOCF,0.0,1.0,5.0,10.0,14.0,18.0,21.0,23.0,30.0,32.0,36.0,18.0,36.0,36.0
,Repetition count,,10,10,10,10,10,10,10,10,10,10,10,10,10,10
