Example 2,Example 2,Example 2,Example 2,Example 2,Example 2,Example 2,Example 2,Example 2,Example 2,Example 2,Example 2,Example 2,Example 2,Example 2,Example 2,Example 2
Example 2,Example 2,Example 2,Example 2,Example 2,Example 2,Example 2,Example 2,Example 2,Example 2,Example 2,Example 2,Example 2,Example 2,Example 2,Example 2,Example 2
Example 2 - Initial Conditions,Example 2 - Initial Conditions,Example 2 - Initial Conditions,Example 2 - Initial Conditions,Example 2 - Initial Conditions,Example 2 - Initial Conditions,Example 2 - Initial Conditions,Example 2 - Initial Conditions,Example 2 - Initial Conditions,Example 2 - Initial Conditions,Example 2 - Initial Conditions,Example 2 - Initial Conditions,Example 2 - Initial Conditions,Example 2 - Initial Conditions,Example 2 - Initial Conditions,Example 2 - Initial Conditions,Example 2 - Initial Conditions
Stratification - None:,,Start Step,0,1,2,3,4,5,6,7,8,9,10,1,6,1
,,End Step,0,1,2,3,4,5,6,7,8,9,10,5,10,10
,,Rec Count,100,100,98,92,81,69,63,55,51,44,37,440,250,690
,,Dem. Count,100,100,98,92,81,69,63,55,51,44,37,100,63,100
,Healthy,Sum All,100.0,77.0,58.0,47.0,44.0,36.0,32.0,27.0,25.0,23.0,20.0,262.0,127.0,389.0
,Sick,Sum All,0.0,21.0,34.0,34.0,25.0,27.0,23.0,24.0,19.0,14.0,12.0,141.0,92.0,233.0
,Dead,Sum LOCF,0.0,2.0,8.0,19.0,31.0,37.0,45.0,49.0,56.0,63.0,68.0,37.0,68.0,68.0
