Example 2,Example 2,Example 2,Example 2,Example 2,Example 2,Example 2,Example 2,Example 2,Example 2,Example 2,Example 2,Example 2,Example 2,Example 2,Example 2,Example 2
Example 2,Example 2,Example 2,Example 2,Example 2,Example 2,Example 2,Example 2,Example 2,Example 2,Example 2,Example 2,Example 2,Example 2,Example 2,Example 2,Example 2
Example 2 - Initial Conditions,Example 2 - Initial Conditions,Example 2 - Initial Conditions,Example 2 - Initial Conditions,Example 2 - Initial Conditions,Example 2 - Initial Conditions,Example 2 - Initial Conditions,Example 2 - Initial Conditions,Example 2 - Initial Conditions,Example 2 - Initial Conditions,Example 2 - Initial Conditions,Example 2 - Initial Conditions,Example 2 - Initial Conditions,Example 2 - Initial Conditions,Example 2 - Initial Conditions,Example 2 - Initial Conditions,Example 2 - Initial Conditions
Stratification - None:,,Start Step,0,1,2,3,4,5,6,7,8,9,10,1,6,1
,,End Step,0,1,2,3,4,5,6,7,8,9,10,5,10,10
,,Rec Count,100,100,100,97,89,79,68,59,52,46,42,465,267,732
,,Dem. Count,100,100,100,97,89,79,68,59,52,46,42,100,68,100
,Healthy,Sum All,100.0,81.0,68.0,58.0,49.0,44.0,40.0,30.0,26.0,26.0,25.0,300.0,147.0,447.0
,Sick,Sum All,0.0,19.0,29.0,31.0,30.0,24.0,19.0,22.0,20.0,16.0,13.0,133.0,90.0,223.0
,Dead,Sum LOCF,0.0,0.0,3.0,11.0,21.0,32.0,41.0,48.0,54.0,58.0,62.0,32.0,62.0,62.0
