Example 2,Example 2,Example 2,Example 2,Example 2,Example 2,Example 2,Example 2,Example 2,Example 2,Example 2,Example 2,Example 2,Example 2,Example 2,Example 2,Example 2
Example 2,Example 2,Example 2,Example 2,Example 2,Example 2,Example 2,Example 2,Example 2,Example 2,Example 2,Example 2,Example 2,Example 2,Example 2,Example 2,Example 2
Example 2 - Initial Conditions,Example 2 - Initial Conditions,Example 2 - Initial Conditions,Example 2 - Initial Conditions,Example 2 - Initial Conditions,Example 2 - Initial Conditions,Example 2 - Initial Conditions,Example 2 - Initial Conditions,Example 2 - Initial Conditions,Example 2 - Initial Conditions,Example 2 - Initial Conditions,Example 2 - Initial Conditions,Example 2 - Initial Conditions,Example 2 - Initial Conditions,Example 2 - Initial Conditions,Example 2 - Initial Conditions,Example 2 - Initial Conditions
Stratification - None:,,Start Step,0,1,2,3,4,5,6,7,8,9,10,1,6,1
,,End Step,0,1,2,3,4,5,6,7,8,9,10,5,10,10
,,Rec Count,100,100,99,93,87,77,70,56,52,40,36,456,254,710
,,Dem. Count,100,100,99,93,87,77,70,56,52,40,36,100,70,100
,Healthy,Sum All,100.0,74.0,74.0,60.0,51.0,38.0,32.0,26.0,27.0,27.0,20.0,297.0,132.0,429.0
,Sick,Sum All,0.0,25.0,19.0,27.0,26.0,32.0,24.0,26.0,13.0,9.0,11.0,129.0,83.0,212.0
,Dead,Sum LOCF,0.0,1.0,7.0,13.0,23.0,30.0,44.0,48.0,60.0,64.0,69.0,30.0,69.0,69.0
