Example 2,Example 2,Example 2,Example 2,Example 2,Example 2,Example 2,Example 2,Example 2,Example 2,Example 2,Example 2,Example 2,Example 2,Example 2,Example 2,Example 2
Example 2,Example 2,Example 2,Example 2,Example 2,Example 2,Example 2,Example 2,Example 2,Example 2,Example 2,Example 2,Example 2,Example 2,Example 2,Example 2,Example 2
Example 2 - Initial Conditions,Example 2 - Initial Conditions,Example 2 - Initial Conditions,Example 2 - Initial Conditions,Example 2 - Initial Conditions,Example 2 - Initial Conditions,Example 2 - Initial Conditions,Example 2 - Initial Conditions,Example 2 - Initial Conditions,Example 2 - Initial Conditions,Example 2 - Initial Conditions,Example 2 - Initial Conditions,Example 2 - Initial Conditions,Example 2 - Initial Conditions,Example 2 - Initial Conditions,Example 2 - Initial Conditions,Example 2 - Initial Conditions
Stratification - None:,,Start Step,0,1,2,3,4,5,6,7,8,9,10,1,6,1
,,End Step,0,1,2,3,4,5,6,7,8,9,10,5,10,10
,,Rec Count,100,100,98,93,89,83,75,64,59,51,45,463,294,757
,,Dem. Count,100,100,98,93,89,83,75,64,59,51,45,100,75,100
,Healthy,Sum All,100.0,82.0,76.0,61.0,52.0,48.0,44.0,34.0,29.0,25.0,17.0,319.0,149.0,468.0
,Sick,Sum All,0.0,16.0,17.0,28.0,31.0,27.0,20.0,25.0,22.0,20.0,22.0,119.0,109.0,228.0
,Dead,Sum LOCF,0.0,2.0,7.0,11.0,17.0,25.0,36.0,41.0,49.0,55.0,61.0,25.0,61.0,61.0
