Example 2,Example 2,Example 2,Example 2,Example 2,Example 2,Example 2,Example 2,Example 2,Example 2,Example 2,Example 2,Example 2,Example 2,Example 2,Example 2,Example 2
Example 2,Example 2,Example 2,Example 2,Example 2,Example 2,Example 2,Example 2,Example 2,Example 2,Example 2,Example 2,Example 2,Example 2,Example 2,Example 2,Example 2
Example 2 - Initial Conditions,Example 2 - Initial Conditions,Example 2 - Initial Conditions,Example 2 - Initial Conditions,Example 2 - Initial Conditions,Example 2 - Initial Conditions,Example 2 - Initial Conditions,Example 2 - Initial Conditions,Example 2 - Initial Conditions,Example 2 - Initial Conditions,Example 2 - Initial Conditions,Example 2 - Initial Conditions,Example 2 - Initial Conditions,Example 2 - Initial Conditions,Example 2 - Initial Conditions,Example 2 - Initial Conditions,Example 2 - Initial Conditions
Stratification - None:,,Start Step,0,1,2,3,4,5,6,7,8,9,10,1,6,1
,,End Step,0,1,2,3,4,5,6,7,8,9,10,5,10,10
,,Rec Count,100,100,97,94,89,73,63,51,46,39,36,453,235,688
,,Dem. Count,100,100,97,94,89,73,63,51,46,39,36,100,63,100
,Healthy,Sum All,100.0,77.0,60.0,49.0,44.0,36.0,31.0,30.0,25.0,20.0,18.0,266.0,124.0,390.0
,Sick,Sum All,0.0,20.0,34.0,40.0,29.0,27.0,20.0,16.0,14.0,16.0,11.0,150.0,77.0,227.0
,Dead,Sum LOCF,0.0,3.0,6.0,11.0,27.0,37.0,49.0,54.0,61.0,64.0,71.0,37.0,71.0,71.0
