Example 2,Example 2,Example 2,Example 2,Example 2,Example 2,Example 2,Example 2,Example 2,Example 2,Example 2,Example 2,Example 2,Example 2,Example 2,Example 2,Example 2
Example 2,Example 2,Example 2,Example 2,Example 2,Example 2,Example 2,Example 2,Example 2,Example 2,Example 2,Example 2,Example 2,Example 2,Example 2,Example 2,Example 2
Example 2 - Initial Conditions,Example 2 - Initial Conditions,Example 2 - Initial Conditions,Example 2 - Initial Conditions,Example 2 - Initial Conditions,Example 2 - Initial Conditions,Example 2 - Initial Conditions,Example 2 - Initial Conditions,Example 2 - Initial Conditions,Example 2 - Initial Conditions,Example 2 - Initial Conditions,Example 2 - Initial Conditions,Example 2 - Initial Conditions,Example 2 - Initial Conditions,Example 2 - Initial Conditions,Example 2 - Initial Conditions,Example 2 - Initial Conditions
Stratification - None:,,Start Step,0,1,2,3,4,5,6,7,8,9,10,1,6,1
,,End Step,0,1,2,3,4,5,6,7,8,9,10,5,10,10
,,Rec Count,100,100,100,99,91,83,76,64,60,53,47,469,294,757
,,Dem. Count,100,100,100,99,91,83,76,64,60,53,47,100,76,100
,Healthy,Sum All,100.0,88.0,76.0,66.0,57.0,51.0,45.0,40.0,32.0,31.0,27.0,330.0,166.0,486.0
,Sick,Sum All,0.0,35.0,39.0,40.0,40.0,36.0,33.0,30.0,26.0,25.0,22.0,166.0,122.0,273.0
,Dead,Sum LOCF,0.0,4.0,15.0,24.0,37.0,50.0,59.0,66.0,70.0,74.0,79.0,50.0,79.0,79.0
,Repetition count,,100,100,100,100,100,100,100,100,100,100,100,100,100,100
