Example 2,Example 2,Example 2,Example 2,Example 2,Example 2,Example 2,Example 2,Example 2,Example 2,Example 2,Example 2,Example 2,Example 2,Example 2,Example 2,Example 2
Example 2,Example 2,Example 2,Example 2,Example 2,Example 2,Example 2,Example 2,Example 2,Example 2,Example 2,Example 2,Example 2,Example 2,Example 2,Example 2,Example 2
Example 2 - Initial Conditions,Example 2 - Initial Conditions,Example 2 - Initial Conditions,Example 2 - Initial Conditions,Example 2 - Initial Conditions,Example 2 - Initial Conditions,Example 2 - Initial Conditions,Example 2 - Initial Conditions,Example 2 - Initial Conditions,Example 2 - Initial Conditions,Example 2 - Initial Conditions,Example 2 - Initial Conditions,Example 2 - Initial Conditions,Example 2 - Initial Conditions,Example 2 - Initial Conditions,Example 2 - Initial Conditions,Example 2 - Initial Conditions
Stratification - None:,,Start Step,0,1,2,3,4,5,6,7,8,9,10,1,6,1
,,End Step,0,1,2,3,4,5,6,7,8,9,10,5,10,10
,,Rec Count,100,100,98,90,79,73,66,58,48,42,35,440,249,689
,,Dem. Count,100,100,98,90,79,73,66,58,48,42,35,100,66,100
,Healthy,Sum All,100.0,68.0,61.0,50.0,41.0,37.0,28.0,29.0,28.0,27.0,24.0,257.0,136.0,393.0
,Sick,Sum All,0.0,30.0,29.0,29.0,32.0,29.0,30.0,19.0,14.0,8.0,8.0,149.0,79.0,228.0
,Dead,Sum LOCF,0.0,2.0,10.0,21.0,27.0,34.0,42.0,52.0,58.0,65.0,68.0,34.0,68.0,68.0
