Example 2,Example 2,Example 2,Example 2,Example 2,Example 2,Example 2,Example 2,Example 2,Example 2,Example 2,Example 2,Example 2,Example 2,Example 2,Example 2,Example 2
Example 2,Example 2,Example 2,Example 2,Example 2,Example 2,Example 2,Example 2,Example 2,Example 2,Example 2,Example 2,Example 2,Example 2,Example 2,Example 2,Example 2
Example 2 - Initial Conditions,Example 2 - Initial Conditions,Example 2 - Initial Conditions,Example 2 - Initial Conditions,Example 2 - Initial Conditions,Example 2 - Initial Conditions,Example 2 - Initial Conditions,Example 2 - Initial Conditions,Example 2 - Initial Conditions,Example 2 - Initial Conditions,Example 2 - Initial Conditions,Example 2 - Initial Conditions,Example 2 - Initial Conditions,Example 2 - Initial Conditions,Example 2 - Initial Conditions,Example 2 - Initial Conditions,Example 2 - Initial Conditions
Stratification - None:,,Start Step,0,1,2,3,4,5,6,7,8,9,10,1,6,1
,,End Step,0,1,2,3,4,5,6,7,8,9,10,5,10,10
,,Rec Count,100,100,98,92,79,74,65,55,46,39,35,443,240,683
,,Dem. Count,100,100,98,92,79,74,65,55,46,39,35,100,65,100
,Healthy,Sum All,100.0,81.0,58.0,47.0,42.0,32.0,28.0,29.0,24.0,24.0,19.0,260.0,124.0,384.0
,Sick,Sum All,0.0,17.0,34.0,32.0,32.0,33.0,27.0,17.0,15.0,11.0,12.0,148.0,82.0,230.0
,Dead,Sum LOCF,0.0,2.0,8.0,21.0,26.0,35.0,45.0,54.0,61.0,65.0,69.0,35.0,69.0,69.0
