Example 2,Example 2,Example 2,Example 2,Example 2,Example 2,Example 2,Example 2,Example 2,Example 2,Example 2,Example 2,Example 2,Example 2,Example 2,Example 2,Example 2
Example 2,Example 2,Example 2,Example 2,Example 2,Example 2,Example 2,Example 2,Example 2,Example 2,Example 2,Example 2,Example 2,Example 2,Example 2,Example 2,Example 2
Example 2 - Initial Conditions,Example 2 - Initial Conditions,Example 2 - Initial Conditions,Example 2 - Initial Conditions,Example 2 - Initial Conditions,Example 2 - Initial Conditions,Example 2 - Initial Conditions,Example 2 - Initial Conditions,Example 2 - Initial Conditions,Example 2 - Initial Conditions,Example 2 - Initial Conditions,Example 2 - Initial Conditions,Example 2 - Initial Conditions,Example 2 - Initial Conditions,Example 2 - Initial Conditions,Example 2 - Initial Conditions,Example 2 - Initial Conditions
Stratification - None:,,Start Step,0,1,2,3,4,5,6,7,8,9,10,1,6,1
,,End Step,0,1,2,3,4,5,6,7,8,9,10,5,10,10
,,Rec Count,100,100,98,92,83,68,58,52,47,37,33,441,227,668
,,Dem. Count,100,100,98,92,83,68,58,52,47,37,33,100,58,100
,Healthy,Sum All,100.0,63.0,57.0,48.0,33.0,32.0,27.0,23.0,20.0,16.0,14.0,233.0,100.0,333.0
,Sick,Sum All,0.0,35.0,35.0,35.0,35.0,26.0,25.0,24.0,17.0,17.0,13.0,166.0,96.0,262.0
,Dead,Sum LOCF,0.0,2.0,8.0,17.0,32.0,42.0,48.0,53.0,63.0,67.0,73.0,42.0,73.0,73.0
