Example 2,Example 2,Example 2,Example 2,Example 2,Example 2,Example 2,Example 2,Example 2,Example 2,Example 2,Example 2,Example 2,Example 2,Example 2,Example 2,Example 2
Example 2,Example 2,Example 2,Example 2,Example 2,Example 2,Example 2,Example 2,Example 2,Example 2,Example 2,Example 2,Example 2,Example 2,Example 2,Example 2,Example 2
Example 2 - Initial Conditions,Example 2 - Initial Conditions,Example 2 - Initial Conditions,Example 2 - Initial Conditions,Example 2 - Initial Conditions,Example 2 - Initial Conditions,Example 2 - Initial Conditions,Example 2 - Initial Conditions,Example 2 - Initial Conditions,Example 2 - Initial Conditions,Example 2 - Initial Conditions,Example 2 - Initial Conditions,Example 2 - Initial Conditions,Example 2 - Initial Conditions,Example 2 - Initial Conditions,Example 2 - Initial Conditions,Example 2 - Initial Conditions
Stratification - None:,,Start Step,0,1,2,3,4,5,6,7,8,9,10,1,6,1
,,End Step,0,1,2,3,4,5,6,7,8,9,10,5,10,10
,,Rec Count,0.0,0.0,0.94580413117381468,2.5150857968778251,3.7938147428452944,4.3732312441890748,4.4571472508950851,4.1430360214156332,4.0608502866401084,4.3391569259803031,4.242212115908826,9.9002295657497488,18.562196839683374,25.895875417455262
,,Dem. Count,0.0,0.0,0.94580413117381468,2.5150857968778251,3.7938147428452944,4.3732312441890748,4.4571472508950851,4.1430360214156332,4.0608502866401084,4.3391569259803031,4.242212115908826,0.0,4.4571472508950851,0.0
,Healthy,Sum All,0.0,4.2115761583252587,5.1106049376060003,5.0146855043034062,4.8168370526642468,4.4063315326649644,4.2845270120716616,4.0329326121998941,3.9577950192173184,4.0323314558325896,4.0822231020052602,18.750956877940492,17.157028774343079,30.931308711172544
,Sick,Sum All,0.0,4.0203522635749627,4.6893280947058908,4.4633071943471592,4.3771214192882431,4.1053180587667457,3.5855349121240758,3.7612994745664348,3.7882727067900088,3.4356861605710431,3.2982395059158214,13.331344548647275,12.073846850849888,18.875656387008217
,Dead,Sum LOCF,0.0,0.94580413117381468,2.5150857968778251,3.7938147428452944,4.3732312441890739,4.4571472508950851,4.1430360214156332,4.0608502866401084,4.3391569259803031,4.242212115908826,4.3892775687757064,4.4571472508950851,4.3892775687757064,4.3892775687757064
,Repetition count,,100,100,100,100,100,100,100,100,100,100,100,100,100,100
