Example 2,Example 2,Example 2,Example 2,Example 2,Example 2,Example 2,Example 2,Example 2,Example 2,Example 2,Example 2,Example 2,Example 2,Example 2,Example 2,Example 2
Example 2,Example 2,Example 2,Example 2,Example 2,Example 2,Example 2,Example 2,Example 2,Example 2,Example 2,Example 2,Example 2,Example 2,Example 2,Example 2,Example 2
Example 2 - Initial Conditions,Example 2 - Initial Conditions,Example 2 - Initial Conditions,Example 2 - Initial Conditions,Example 2 - Initial Conditions,Example 2 - Initial Conditions,Example 2 - Initial Conditions,Example 2 - Initial Conditions,Example 2 - Initial Conditions,Example 2 - Initial Conditions,Example 2 - Initial Conditions,Example 2 - Initial Conditions,Example 2 - Initial Conditions,Example 2 - Initial Conditions,Example 2 - Initial Conditions,Example 2 - Initial Conditions,Example 2 - Initial Conditions
Stratification - None:,,Start Step,0,1,2,3,4,5,6,7,8,9,10,1,6,1
,,End Step,0,1,2,3,4,5,6,7,8,9,10,5,10,10
,,Rec Count,100,100,98,92,85,75,61,51,43,35,31,450,221,671
,,Dem. Count,100,100,98,92,85,75,61,51,43,35,31,100,61,100
,Healthy,Sum All,100.0,80.0,66.0,57.0,45.0,38.0,32.0,27.0,26.0,22.0,18.0,286.0,125.0,411.0
,Sick,Sum All,0.0,18.0,26.0,28.0,30.0,23.0,19.0,16.0,9.0,9.0,9.0,125.0,62.0,187.0
,Dead,Sum LOCF,0.0,2.0,8.0,15.0,25.0,39.0,49.0,57.0,65.0,69.0,73.0,39.0,73.0,73.0
