Example 2,Example 2,Example 2,Example 2,Example 2,Example 2,Example 2,Example 2,Example 2,Example 2,Example 2,Example 2,Example 2,Example 2,Example 2,Example 2,Example 2
Example 2,Example 2,Example 2,Example 2,Example 2,Example 2,Example 2,Example 2,Example 2,Example 2,Example 2,Example 2,Example 2,Example 2,Example 2,Example 2,Example 2
Example 2 - Initial Conditions,Example 2 - Initial Conditions,Example 2 - Initial Conditions,Example 2 - Initial Conditions,Example 2 - Initial Conditions,Example 2 - Initial Conditions,Example 2 - Initial Conditions,Example 2 - Initial Conditions,Example 2 - Initial Conditions,Example 2 - Initial Conditions,Example 2 - Initial Conditions,Example 2 - Initial Conditions,Example 2 - Initial Conditions,Example 2 - Initial Conditions,Example 2 - Initial Conditions,Example 2 - Initial Conditions,Example 2 - Initial Conditions
Stratification - None:,,Start Step,0,1,2,3,4,5,6,7,8,9,10,1,6,1
,,End Step,0,1,2,3,4,5,6,7,8,9,10,5,10,10
,,Rec Count,100,100,100,93,84,75,65,56,50,43,40,452,254,706
,,Dem. Count,100,100,100,93,84,75,65,56,50,43,40,100,65,100
,Healthy,Sum All,100.0,80.0,69.0,53.0,44.0,34.0,30.0,28.0,27.0,26.0,24.0,280.0,135.0,415.0
,Sick,Sum All,0.0,20.0,24.0,31.0,31.0,31.0,26.0,22.0,16.0,14.0,12.0,137.0,90.0,227.0
,Dead,Sum LOCF,0.0,0.0,7.0,16.0,25.0,35.0,44.0,50.0,57.0,60.0,64.0,35.0,64.0,64.0
