Example 2,Example 2,Example 2,Example 2,Example 2,Example 2,Example 2,Example 2,Example 2,Example 2,Example 2,Example 2,Example 2,Example 2,Example 2,Example 2,Example 2
Example 2,Example 2,Example 2,Example 2,Example 2,Example 2,Example 2,Example 2,Example 2,Example 2,Example 2,Example 2,Example 2,Example 2,Example 2,Example 2,Example 2
Example 2 - Initial Conditions,Example 2 - Initial Conditions,Example 2 - Initial Conditions,Example 2 - Initial Conditions,Example 2 - Initial Conditions,Example 2 - Initial Conditions,Example 2 - Initial Conditions,Example 2 - Initial Conditions,Example 2 - Initial Conditions,Example 2 - Initial Conditions,Example 2 - Initial Conditions,Example 2 - Initial Conditions,Example 2 - Initial Conditions,Example 2 - Initial Conditions,Example 2 - Initial Conditions,Example 2 - Initial Conditions,Example 2 - Initial Conditions
Stratification - None:,,Start Step,0,1,2,3,4,5,6,7,8,9,10,1,6,1
,,End Step,0,1,2,3,4,5,6,7,8,9,10,5,10,10
,,Rec Count,100,100,99,89,80,70,59,53,51,49,44,438,256,694
,,Dem. Count,100,100,99,89,80,70,59,53,51,49,44,100,59,100
,Healthy,Sum All,100.0,80.0,68.0,53.0,45.0,34.0,32.0,32.0,27.0,25.0,22.0,280.0,138.0,418.0
,Sick,Sum All,0.0,19.0,21.0,27.0,25.0,25.0,21.0,19.0,22.0,19.0,17.0,117.0,98.0,215.0
,Dead,Sum LOCF,0.0,1.0,11.0,20.0,30.0,41.0,47.0,49.0,51.0,56.0,61.0,41.0,61.0,61.0
