Example 2,Example 2,Example 2,Example 2,Example 2,Example 2,Example 2,Example 2,Example 2,Example 2,Example 2,Example 2,Example 2,Example 2,Example 2,Example 2,Example 2
Example 2,Example 2,Example 2,Example 2,Example 2,Example 2,Example 2,Example 2,Example 2,Example 2,Example 2,Example 2,Example 2,Example 2,Example 2,Example 2,Example 2
Example 2 - Initial Conditions,Example 2 - Initial Conditions,Example 2 - Initial Conditions,Example 2 - Initial Conditions,Example 2 - Initial Conditions,Example 2 - Initial Conditions,Example 2 - Initial Conditions,Example 2 - Initial Conditions,Example 2 - Initial Conditions,Example 2 - Initial Conditions,Example 2 - Initial Conditions,Example 2 - Initial Conditions,Example 2 - Initial Conditions,Example 2 - Initial Conditions,Example 2 - Initial Conditions,Example 2 - Initial Conditions,Example 2 - Initial Conditions
Stratification - None:,,Start Step,0,1,2,3,4,5,6,7,8,9,10,1,6,1
,,End Step,0,1,2,3,4,5,6,7,8,9,10,5,10,10
,,Rec Count,100,100,99,94,82,73,63,57,45,43,37,448,245,693
,,Dem. Count,100,100,99,94,82,73,63,57,45,43,37,100,63,100
,Healthy,Sum All,100.0,75.0,56.0,46.0,45.0,37.0,36.0,32.0,29.0,21.0,13.0,259.0,131.0,390.0
,Sick,Sum All,0.0,24.0,38.0,36.0,28.0,26.0,21.0,13.0,14.0,16.0,18.0,152.0,82.0,234.0
,Dead,Sum LOCF,0.0,1.0,6.0,18.0,27.0,37.0,43.0,55.0,57.0,63.0,69.0,37.0,69.0,69.0
