Example 2,Example 2,Example 2,Example 2,Example 2,Example 2,Example 2,Example 2,Example 2,Example 2,Example 2,Example 2,Example 2,Example 2,Example 2,Example 2,Example 2
Example 2,Example 2,Example 2,Example 2,Example 2,Example 2,Example 2,Example 2,Example 2,Example 2,Example 2,Example 2,Example 2,Example 2,Example 2,Example 2,Example 2
Example 2 - Initial Conditions,Example 2 - Initial Conditions,Example 2 - Initial Conditions,Example 2 - Initial Conditions,Example 2 - Initial Conditions,Example 2 - Initial Conditions,Example 2 - Initial Conditions,Example 2 - Initial Conditions,Example 2 - Initial Conditions,Example 2 - Initial Conditions,Example 2 - Initial Conditions,Example 2 - Initial Conditions,Example 2 - Initial Conditions,Example 2 - Initial Conditions,Example 2 - Initial Conditions,Example 2 - Initial Conditions,Example 2 - Initial Conditions
Stratification - None:,,Start Step,0,1,2,3,4,5,6,7,8,9,10,1,6,1
,,End Step,0,1,2,3,4,5,6,7,8,9,10,5,10,10
,,Rec Count,100,100,100,96,86,73,67,63,56,47,34,455,267,722
,,Dem. Count,100,100,100,96,86,73,67,63,56,47,34,100,67,100
,Healthy,Sum All,100.0,80.0,66.0,57.0,54.0,50.0,41.0,31.0,31.0,24.0,22.0,307.0,149.0,456.0
,Sick,Sum All,0.0,20.0,30.0,29.0,19.0,17.0,22.0,25.0,16.0,10.0,11.0,115.0,84.0,199.0
,Dead,Sum LOCF,0.0,0.0,4.0,14.0,27.0,33.0,37.0,44.0,53.0,66.0,67.0,33.0,67.0,67.0
