Example 2,Example 2,Example 2,Example 2,Example 2,Example 2,Example 2,Example 2,Example 2,Example 2,Example 2,Example 2,Example 2,Example 2,Example 2,Example 2,Example 2
Example 2,Example 2,Example 2,Example 2,Example 2,Example 2,Example 2,Example 2,Example 2,Example 2,Example 2,Example 2,Example 2,Example 2,Example 2,Example 2,Example 2
Example 2 - Initial Conditions,Example 2 - Initial Conditions,Example 2 - Initial Conditions,Example 2 - Initial Conditions,Example 2 - Initial Conditions,Example 2 - Initial Conditions,Example 2 - Initial Conditions,Example 2 - Initial Conditions,Example 2 - Initial Conditions,Example 2 - Initial Conditions,Example 2 - Initial Conditions,Example 2 - Initial Conditions,Example 2 - Initial Conditions,Example 2 - Initial Conditions,Example 2 - Initial Conditions,Example 2 - Initial Conditions,Example 2 - Initial Conditions
Stratification - None:,,Start Step,0,1,2,3,4,5,6,7,8,9,10,1,6,1
,,End Step,0,1,2,3,4,5,6,7,8,9,10,5,10,10
,,Rec Count,100,100,98,90,77,63,50,41,34,30,26,428,181,609
,,Dem. Count,100,100,98,90,77,63,50,41,34,30,26,100,50,100
,Healthy,Sum All,100.0,76.0,58.0,48.0,37.0,32.0,24.0,19.0,17.0,14.0,12.0,251.0,86.0,337.0
,Sick,Sum All,0.0,22.0,32.0,29.0,26.0,18.0,17.0,15.0,13.0,12.0,9.0,127.0,66.0,193.0
,Dead,Sum LOCF,0.0,2.0,10.0,23.0,37.0,50.0,59.0,66.0,70.0,74.0,79.0,50.0,79.0,79.0
