Example 2,Example 2,Example 2,Example 2,Example 2,Example 2,Example 2,Example 2,Example 2,Example 2,Example 2,Example 2,Example 2,Example 2,Example 2,Example 2,Example 2
Example 2,Example 2,Example 2,Example 2,Example 2,Example 2,Example 2,Example 2,Example 2,Example 2,Example 2,Example 2,Example 2,Example 2,Example 2,Example 2,Example 2
Example 2 - Initial Conditions,Example 2 - Initial Conditions,Example 2 - Initial Conditions,Example 2 - Initial Conditions,Example 2 - Initial Conditions,Example 2 - Initial Conditions,Example 2 - Initial Conditions,Example 2 - Initial Conditions,Example 2 - Initial Conditions,Example 2 - Initial Conditions,Example 2 - Initial Conditions,Example 2 - Initial Conditions,Example 2 - Initial Conditions,Example 2 - Initial Conditions,Example 2 - Initial Conditions,Example 2 - Initial Conditions,Example 2 - Initial Conditions
Stratification - None:,,Start Step,0,1,2,3,4,5,6,7,8,9,10,1,6,1
,,End Step,0,1,2,3,4,5,6,7,8,9,10,5,10,10
,,Rec Count,100,100,97,93,85,78,65,58,50,42,36,453,251,704
,,Dem. Count,100,100,97,93,85,78,65,58,50,42,36,100,65,100
,Healthy,Sum All,100.0,77.0,63.0,48.0,47.0,38.0,36.0,25.0,25.0,22.0,19.0,273.0,127.0,400.0
,Sick,Sum All,0.0,20.0,30.0,37.0,31.0,27.0,22.0,25.0,17.0,14.0,12.0,145.0,90.0,235.0
,Dead,Sum LOCF,0.0,3.0,7.0,15.0,22.0,35.0,42.0,50.0,58.0,64.0,69.0,35.0,69.0,69.0
