Example 2,Example 2,Example 2,Example 2,Example 2,Example 2,Example 2,Example 2,Example 2,Example 2,Example 2,Example 2,Example 2,Example 2,Example 2,Example 2,Example 2
Example 2,Example 2,Example 2,Example 2,Example 2,Example 2,Example 2,Example 2,Example 2,Example 2,Example 2,Example 2,Example 2,Example 2,Example 2,Example 2,Example 2
Example 2 - Initial Conditions,Example 2 - Initial Conditions,Example 2 - Initial Conditions,Example 2 - Initial Conditions,Example 2 - Initial Conditions,Example 2 - Initial Conditions,Example 2 - Initial Conditions,Example 2 - Initial Conditions,Example 2 - Initial Conditions,Example 2 - Initial Conditions,Example 2 - Initial Conditions,Example 2 - Initial Conditions,Example 2 - Initial Conditions,Example 2 - Initial Conditions,Example 2 - Initial Conditions,Example 2 - Initial Conditions,Example 2 - Initial Conditions
Stratification - None:,,Start Step,0,1,2,3,4,5,6,7,8,9,10,1,6,1
,,End Step,0,1,2,3,4,5,6,7,8,9,10,5,10,10
,,Rec Count,100,100,99,94,80,68,60,55,46,40,37,441,238,679
,,Dem. Count,100,100,99,94,80,68,60,55,46,40,37,100,60,100
,Healthy,Sum All,100.0,75.0,59.0,53.0,46.0,33.0,30.0,20.0,19.0,18.0,14.0,266.0,101.0,367.0
,Sick,Sum All,0.0,24.0,35.0,27.0,22.0,27.0,25.0,26.0,21.0,19.0,14.0,135.0,105.0,240.0
,Dead,Sum LOCF,0.0,1.0,6.0,20.0,32.0,40.0,45.0,54.0,60.0,63.0,72.0,40.0,72.0,72.0
