Example 1,Example 1,Example 1,Example 1,Example 1,Example 1,Example 1,Example 1,Example 1,Example 1,Example 1,Example 1,Example 1,Example 1,Example 1,Example 1,Example 1
Example 1,Example 1,Example 1,Example 1,Example 1,Example 1,Example 1,Example 1,Example 1,Example 1,Example 1,Example 1,Example 1,Example 1,Example 1,Example 1,Example 1
Example 1 - Initial Conditions,Example 1 - Initial Conditions,Example 1 - Initial Conditions,Example 1 - Initial Conditions,Example 1 - Initial Conditions,Example 1 - Initial Conditions,Example 1 - Initial Conditions,Example 1 - Initial Conditions,Example 1 - Initial Conditions,Example 1 - Initial Conditions,Example 1 - Initial Conditions,Example 1 - Initial Conditions,Example 1 - Initial Conditions,Example 1 - Initial Conditions,Example 1 - Initial Conditions,Example 1 - Initial Conditions,Example 1 - Initial Conditions
Stratification - None:,,Start Step,0,1,2,3,4,5,6,7,8,9,10,1,6,1
,,End Step,0,1,2,3,4,5,6,7,8,9,10,5,10,10
,,Rec Count,0.0,0.0,2.2010098692292237,4.6619023298792239,3.8643671323171835,4.0055517028799468,3.9228674319799399,4.2439499421071298,4.9261208538429777,4.4171383395939854,3.5418137224371984,12.920268315067352,19.299107636249808,29.414471117310796
,,Dem. Count,0.0,0.0,2.2010098692292237,4.6619023298792239,3.8643671323171835,4.0055517028799468,3.9228674319799399,4.2439499421071298,4.9261208538429777,4.4171383395939854,3.5418137224371984,0.0,3.9228674319799399,0.0
,Alive,Sum All,0.0,2.2010098692292237,4.6619023298792239,3.8643671323171835,4.0055517028799468,3.9228674319799399,4.2439499421071298,4.9261208538429777,4.4171383395939854,3.5418137224371984,3.0930028559098792,16.271652241449441,18.620478571245751,31.270149059801785
,Dead,Sum LOCF,0.0,2.2010098692292237,4.6619023298792239,3.8643671323171835,4.0055517028799468,3.9228674319799399,4.2439499421071298,4.9261208538429777,4.4171383395939854,3.5418137224371984,3.0930028559098792,3.9228674319799399,3.0930028559098792,3.0930028559098792
,Repetition count,,10,10,10,10,10,10,10,10,10,10,10,10,10,10
