Example 2,Example 2,Example 2,Example 2,Example 2,Example 2,Example 2,Example 2,Example 2,Example 2,Example 2,Example 2,Example 2,Example 2,Example 2,Example 2,Example 2
Example 2,Example 2,Example 2,Example 2,Example 2,Example 2,Example 2,Example 2,Example 2,Example 2,Example 2,Example 2,Example 2,Example 2,Example 2,Example 2,Example 2
Example 2 - Initial Conditions,Example 2 - Initial Conditions,Example 2 - Initial Conditions,Example 2 - Initial Conditions,Example 2 - Initial Conditions,Example 2 - Initial Conditions,Example 2 - Initial Conditions,Example 2 - Initial Conditions,Example 2 - Initial Conditions,Example 2 - Initial Conditions,Example 2 - Initial Conditions,Example 2 - Initial Conditions,Example 2 - Initial Conditions,Example 2 - Initial Conditions,Example 2 - Initial Conditions,Example 2 - Initial Conditions,Example 2 - Initial Conditions
Stratification - None:,,Start Step,0,1,2,3,4,5,6,7,8,9,10,1,6,1
,,End Step,0,1,2,3,4,5,6,7,8,9,10,5,10,10
,,Rec Count,100.0,100.0,99.0,93.0,83.0,73.5,65.0,56.0,48.5,42.0,37.0,449.0,250.0,696.0
,,Dem. Count,100.0,100.0,99.0,93.0,83.0,73.5,65.0,56.0,48.5,42.0,37.0,100.0,65.0,100.0
,Healthy,Sum All,100.0,78.5,64.0,53.0,45.0,38.0,32.0,29.0,25.0,22.0,19.0,276.5,127.0,406.0
,Sick,Sum All,0.0,20.0,28.5,29.0,28.0,26.0,23.0,20.0,17.0,15.0,13.0,133.0,90.0,222.0
,Dead,Sum LOCF,0.0,1.0,7.0,17.0,26.5,35.0,44.0,51.5,58.0,63.0,68.0,35.0,68.0,68.0
,Repetition count,,100,100,100,100,100,100,100,100,100,100,100,100,100,100
