Example 2,Example 2,Example 2,Example 2,Example 2,Example 2,Example 2,Example 2,Example 2,Example 2,Example 2,Example 2,Example 2,Example 2,Example 2,Example 2,Example 2
Example 2,Example 2,Example 2,Example 2,Example 2,Example 2,Example 2,Example 2,Example 2,Example 2,Example 2,Example 2,Example 2,Example 2,Example 2,Example 2,Example 2
Example 2 - Initial Conditions,Example 2 - Initial Conditions,Example 2 - Initial Conditions,Example 2 - Initial Conditions,Example 2 - Initial Conditions,Example 2 - Initial Conditions,Example 2 - Initial Conditions,Example 2 - Initial Conditions,Example 2 - Initial Conditions,Example 2 - Initial Conditions,Example 2 - Initial Conditions,Example 2 - Initial Conditions,Example 2 - Initial Conditions,Example 2 - Initial Conditions,Example 2 - Initial Conditions,Example 2 - Initial Conditions,Example 2 - Initial Conditions
Stratification - None:,,Start Step,0,1,2,3,4,5,6,7,8,9,10,1,6,1
,,End Step,0,1,2,3,4,5,6,7,8,9,10,5,10,10
,,Rec Count,100,100,98,91,81,73,66,59,52,44,39,443,260,703
,,Dem. Count,100,100,98,91,81,73,66,59,52,44,39,100,66,100
,Healthy,Sum All,100.0,72.0,63.0,57.0,52.0,42.0,40.0,27.0,23.0,19.0,20.0,286.0,129.0,415.0
,Sick,Sum All,0.0,26.0,28.0,24.0,21.0,24.0,19.0,25.0,21.0,20.0,12.0,123.0,97.0,220.0
,Dead,Sum LOCF,0.0,2.0,9.0,19.0,27.0,34.0,41.0,48.0,56.0,61.0,68.0,34.0,68.0,68.0
