Example 2,Example 2,Example 2,Example 2,Example 2,Example 2,Example 2,Example 2,Example 2,Example 2,Example 2,Example 2,Example 2,Example 2,Example 2,Example 2,Example 2
Example 2,Example 2,Example 2,Example 2,Example 2,Example 2,Example 2,Example 2,Example 2,Example 2,Example 2,Example 2,Example 2,Example 2,Example 2,Example 2,Example 2
Example 2 - Initial Conditions,Example 2 - Initial Conditions,Example 2 - Initial Conditions,Example 2 - Initial Conditions,Example 2 - Initial Conditions,Example 2 - Initial Conditions,Example 2 - Initial Conditions,Example 2 - Initial Conditions,Example 2 - Initial Conditions,Example 2 - Initial Conditions,Example 2 - Initial Conditions,Example 2 - Initial Conditions,Example 2 - Initial Conditions,Example 2 - Initial Conditions,Example 2 - Initial Conditions,Example 2 - Initial Conditions,Example 2 - Initial Conditions
Stratification - None:,,Start Step,0,1,2,3,4,5,6,7,8,9,10,1,6,1
,,End Step,0,1,2,3,4,5,6,7,8,9,10,5,10,10
,,Rec Count,100,100,100,93,84,76,67,57,48,41,37,453,250,703
,,Dem. Count,100,100,100,93,84,76,67,57,48,41,37,100,67,100
,Healthy,Sum All,100.0,75.0,68.0,51.0,44.0,38.0,36.0,28.0,20.0,21.0,19.0,276.0,124.0,400.0
,Sick,Sum All,0.0,25.0,25.0,33.0,32.0,29.0,21.0,20.0,21.0,16.0,12.0,144.0,90.0,234.0
,Dead,Sum LOCF,0.0,0.0,7.0,16.0,24.0,33.0,43.0,52.0,59.0,63.0,69.0,33.0,69.0,69.0
