Example 2,Example 2,Example 2,Example 2,Example 2,Example 2,Example 2,Example 2,Example 2,Example 2,Example 2,Example 2,Example 2,Example 2,Example 2,Example 2,Example 2
Example 2,Example 2,Example 2,Example 2,Example 2,Example 2,Example 2,Example 2,Example 2,Example 2,Example 2,Example 2,Example 2,Example 2,Example 2,Example 2,Example 2
Example 2 - Initial Conditions,Example 2 - Initial Conditions,Example 2 - Initial Conditions,Example 2 - Initial Conditions,Example 2 - Initial Conditions,Example 2 - Initial Conditions,Example 2 - Initial Conditions,Example 2 - Initial Conditions,Example 2 - Initial Conditions,Example 2 - Initial Conditions,Example 2 - Initial Conditions,Example 2 - Initial Conditions,Example 2 - Initial Conditions,Example 2 - Initial Conditions,Example 2 - Initial Conditions,Example 2 - Initial Conditions,Example 2 - Initial Conditions
Stratification - None:,,Start Step,0,1,2,3,4,5,6,7,8,9,10,1,6,1
,,End Step,0,1,2,3,4,5,6,7,8,9,10,5,10,10
,,Rec Count,100,100,99,91,79,71,67,56,50,41,39,440,253,693
,,Dem. Count,100,100,99,91,79,71,67,56,50,41,39,100,67,100
,Healthy,Sum All,100.0,78.0,59.0,58.0,46.0,43.0,33.0,30.0,28.0,23.0,17.0,284.0,131.0,415.0
,Sick,Sum All,0.0,21.0,32.0,21.0,25.0,24.0,23.0,20.0,13.0,16.0,16.0,123.0,88.0,211.0
,Dead,Sum LOCF,0.0,1.0,9.0,21.0,29.0,33.0,44.0,50.0,59.0,61.0,67.0,33.0,67.0,67.0
