Example 2,Example 2,Example 2,Example 2,Example 2,Example 2,Example 2,Example 2,Example 2,Example 2,Example 2,Example 2,Example 2,Example 2,Example 2,Example 2,Example 2
Example 2,Example 2,Example 2,Example 2,Example 2,Example 2,Example 2,Example 2,Example 2,Example 2,Example 2,Example 2,Example 2,Example 2,Example 2,Example 2,Example 2
Example 2 - Initial Conditions,Example 2 - Initial Conditions,Example 2 - Initial Conditions,Example 2 - Initial Conditions,Example 2 - Initial Conditions,Example 2 - Initial Conditions,Example 2 - Initial Conditions,Example 2 - Initial Conditions,Example 2 - Initial Conditions,Example 2 - Initial Conditions,Example 2 - Initial Conditions,Example 2 - Initial Conditions,Example 2 - Initial Conditions,Example 2 - Initial Conditions,Example 2 - Initial Conditions,Example 2 - Initial Conditions,Example 2 - Initial Conditions
Stratification - None:,,Start Step,0,1,2,3,4,5,6,7,8,9,10,1,6,1
,,End Step,0,1,2,3,4,5,6,7,8,9,10,5,10,10
,,Rec Count,100,100,99,90,76,67,60,48,39,32,26,432,205,637
,,Dem. Count,100,100,99,90,76,67,60,48,39,32,26,100,60,100
,Healthy,Sum All,100.0,75.0,60.0,46.0,46.0,31.0,27.0,25.0,18.0,16.0,10.0,258.0,96.0,354.0
,Sick,Sum All,0.0,24.0,30.0,30.0,21.0,29.0,21.0,14.0,14.0,10.0,13.0,134.0,72.0,206.0
,Dead,Sum LOCF,0.0,1.0,10.0,24.0,33.0,40.0,52.0,61.0,68.0,74.0,77.0,40.0,77.0,77.0
