Example 2,Example 2,Example 2,Example 2,Example 2,Example 2,Example 2,Example 2,Example 2,Example 2,Example 2,Example 2,Example 2,Example 2,Example 2,Example 2,Example 2
Example 2,Example 2,Example 2,Example 2,Example 2,Example 2,Example 2,Example 2,Example 2,Example 2,Example 2,Example 2,Example 2,Example 2,Example 2,Example 2,Example 2
Example 2 - Initial Conditions,Example 2 - Initial Conditions,Example 2 - Initial Conditions,Example 2 - Initial Conditions,Example 2 - Initial Conditions,Example 2 - Initial Conditions,Example 2 - Initial Conditions,Example 2 - Initial Conditions,Example 2 - Initial Conditions,Example 2 - Initial Conditions,Example 2 - Initial Conditions,Example 2 - Initial Conditions,Example 2 - Initial Conditions,Example 2 - Initial Conditions,Example 2 - Initial Conditions,Example 2 - Initial Conditions,Example 2 - Initial Conditions
Stratification - None:,,Start Step,0,1,2,3,4,5,6,7,8,9,10,1,6,1
,,End Step,0,1,2,3,4,5,6,7,8,9,10,5,10,10
,,Rec Count,100,100,99,91,79,67,60,51,45,37,33,436,226,662
,,Dem. Count,100,100,99,91,79,67,60,51,45,37,33,100,60,100
,Healthy,Sum All,100.0,83.0,70.0,48.0,41.0,32.0,30.0,23.0,20.0,17.0,17.0,274.0,107.0,381.0
,Sick,Sum All,0.0,16.0,21.0,31.0,26.0,28.0,21.0,22.0,17.0,16.0,10.0,122.0,86.0,208.0
,Dead,Sum LOCF,0.0,1.0,9.0,21.0,33.0,40.0,49.0,55.0,63.0,67.0,73.0,40.0,73.0,73.0
