Example 2,Example 2,Example 2,Example 2,Example 2,Example 2,Example 2,Example 2,Example 2,Example 2,Example 2,Example 2,Example 2,Example 2,Example 2,Example 2,Example 2
Example 2,Example 2,Example 2,Example 2,Example 2,Example 2,Example 2,Example 2,Example 2,Example 2,Example 2,Example 2,Example 2,Example 2,Example 2,Example 2,Example 2
Example 2 - Initial Conditions,Example 2 - Initial Conditions,Example 2 - Initial Conditions,Example 2 - Initial Conditions,Example 2 - Initial Conditions,Example 2 - Initial Conditions,Example 2 - Initial Conditions,Example 2 - Initial Conditions,Example 2 - Initial Conditions,Example 2 - Initial Conditions,Example 2 - Initial Conditions,Example 2 - Initial Conditions,Example 2 - Initial Conditions,Example 2 - Initial Conditions,Example 2 - Initial Conditions,Example 2 - Initial Conditions,Example 2 - Initial Conditions
Stratification - None:,,Start Step,0,1,2,3,4,5,6,7,8,9,10,1,6,1
,,End Step,0,1,2,3,4,5,6,7,8,9,10,5,10,10
,,Rec Count,100,100,97,88,77,71,63,53,47,42,38,433,243,676
,,Dem. Count,100,100,97,88,77,71,63,53,47,42,38,100,63,100
,Healthy,Sum All,100.0,75.0,59.0,48.0,44.0,42.0,36.0,38.0,30.0,26.0,23.0,268.0,153.0,421.0
,Sick,Sum All,0.0,22.0,29.0,29.0,27.0,21.0,17.0,9.0,12.0,12.0,8.0,128.0,58.0,186.0
,Dead,Sum LOCF,0.0,3.0,12.0,23.0,29.0,37.0,47.0,53.0,58.0,62.0,69.0,37.0,69.0,69.0
