Example 2,Example 2,Example 2,Example 2,Example 2,Example 2,Example 2,Example 2,Example 2,Example 2,Example 2,Example 2,Example 2,Example 2,Example 2,Example 2,Example 2
Example 2,Example 2,Example 2,Example 2,Example 2,Example 2,Example 2,Example 2,Example 2,Example 2,Example 2,Example 2,Example 2,Example 2,Example 2,Example 2,Example 2
Example 2 - Initial Conditions,Example 2 - Initial Conditions,Example 2 - Initial Conditions,Example 2 - Initial Conditions,Example 2 - Initial Conditions,Example 2 - Initial Conditions,Example 2 - Initial Conditions,Example 2 - Initial Conditions,Example 2 - Initial Conditions,Example 2 - Initial Conditions,Example 2 - Initial Conditions,Example 2 - Initial Conditions,Example 2 - Initial Conditions,Example 2 - Initial Conditions,Example 2 - Initial Conditions,Example 2 - Initial Conditions,Example 2 - Initial Conditions
Stratification - None:,,Start Step,0,1,2,3,4,5,6,7,8,9,10,1,6,1
,,End Step,0,1,2,3,4,5,6,7,8,9,10,5,10,10
,,Rec Count,100,100,100,92,79,71,62,53,48,39,30,442,232,674
,,Dem. Count,100,100,100,92,79,71,62,53,48,39,30,100,62,100
,Healthy,Sum All,100.0,81.0,62.0,50.0,42.0,33.0,30.0,23.0,20.0,15.0,16.0,268.0,104.0,372.0
,Sick,Sum All,0.0,19.0,30.0,29.0,29.0,29.0,23.0,25.0,19.0,15.0,13.0,136.0,95.0,231.0
,Dead,Sum LOCF,0.0,0.0,8.0,21.0,29.0,38.0,47.0,52.0,61.0,70.0,71.0,38.0,71.0,71.0
