Example 2,Example 2,Example 2,Example 2,Example 2,Example 2,Example 2,Example 2,Example 2,Example 2,Example 2,Example 2,Example 2,Example 2,Example 2,Example 2,Example 2
Example 2,Example 2,Example 2,Example 2,Example 2,Example 2,Example 2,Example 2,Example 2,Example 2,Example 2,Example 2,Example 2,Example 2,Example 2,Example 2,Example 2
Example 2 - Initial Conditions,Example 2 - Initial Conditions,Example 2 - Initial Conditions,Example 2 - Initial Conditions,Example 2 - Initial Conditions,Example 2 - Initial Conditions,Example 2 - Initial Conditions,Example 2 - Initial Conditions,Example 2 - Initial Conditions,Example 2 - Initial Conditions,Example 2 - Initial Conditions,Example 2 - Initial Conditions,Example 2 - Initial Conditions,Example 2 - Initial Conditions,Example 2 - Initial Conditions,Example 2 - Initial Conditions,Example 2 - Initial Conditions
Stratification - None:,,Start Step,0,1,2,3,4,5,6,7,8,9,10,1,6,1
,,End Step,0,1,2,3,4,5,6,7,8,9,10,5,10,10
,,Rec Count,100,100,98,93,84,77,67,56,47,39,34,452,243,695
,,Dem. Count,100,100,98,93,84,77,67,56,47,39,34,100,67,100
,Healthy,Sum All,100.0,86.0,69.0,61.0,53.0,45.0,35.0,31.0,29.0,26.0,19.0,314.0,140.0,454.0
,Sick,Sum All,0.0,12.0,24.0,23.0,24.0,22.0,21.0,16.0,10.0,8.0,12.0,105.0,67.0,172.0
,Dead,Sum LOCF,0.0,2.0,7.0,16.0,23.0,33.0,44.0,53.0,61.0,66.0,69.0,33.0,69.0,69.0
