Example 2,Example 2,Example 2,Example 2,Example 2,Example 2,Example 2,Example 2,Example 2,Example 2,Example 2,Example 2,Example 2,Example 2,Example 2,Example 2,Example 2
Example 2,Example 2,Example 2,Example 2,Example 2,Example 2,Example 2,Example 2,Example 2,Example 2,Example 2,Example 2,Example 2,Example 2,Example 2,Example 2,Example 2
Example 2 - Initial Conditions,Example 2 - Initial Conditions,Example 2 - Initial Conditions,Example 2 - Initial Conditions,Example 2 - Initial Conditions,Example 2 - Initial Conditions,Example 2 - Initial Conditions,Example 2 - Initial Conditions,Example 2 - Initial Conditions,Example 2 - Initial Conditions,Example 2 - Initial Conditions,Example 2 - Initial Conditions,Example 2 - Initial Conditions,Example 2 - Initial Conditions,Example 2 - Initial Conditions,Example 2 - Initial Conditions,Example 2 - Initial Conditions
Stratification - None:,,Start Step,0,1,2,3,4,5,6,7,8,9,10,1,6,1
,,End Step,0,1,2,3,4,5,6,7,8,9,10,5,10,10
,,Rec Count,100,100,99,92,78,69,58,49,43,35,33,438,218,656
,,Dem. Count,100,100,99,92,78,69,58,49,43,35,33,100,58,100
,Healthy,Sum All,100.0,84.0,63.0,50.0,39.0,33.0,30.0,24.0,19.0,17.0,14.0,269.0,104.0,373.0
,Sick,Sum All,0.0,15.0,29.0,28.0,30.0,25.0,19.0,19.0,16.0,16.0,14.0,127.0,84.0,211.0
,Dead,Sum LOCF,0.0,1.0,8.0,22.0,31.0,42.0,51.0,57.0,65.0,67.0,72.0,42.0,72.0,72.0
