Example 2,Example 2,Example 2,Example 2,Example 2,Example 2,Example 2,Example 2,Example 2,Example 2,Example 2,Example 2,Example 2,Example 2,Example 2,Example 2,Example 2
Example 2,Example 2,Example 2,Example 2,Example 2,Example 2,Example 2,Example 2,Example 2,Example 2,Example 2,Example 2,Example 2,Example 2,Example 2,Example 2,Example 2
Example 2 - Initial Conditions,Example 2 - Initial Conditions,Example 2 - Initial Conditions,Example 2 - Initial Conditions,Example 2 - Initial Conditions,Example 2 - Initial Conditions,Example 2 - Initial Conditions,Example 2 - Initial Conditions,Example 2 - Initial Conditions,Example 2 - Initial Conditions,Example 2 - Initial Conditions,Example 2 - Initial Conditions,Example 2 - Initial Conditions,Example 2 - Initial Conditions,Example 2 - Initial Conditions,Example 2 - Initial Conditions,Example 2 - Initial Conditions
Stratification - None:,,Start Step,0,1,2,3,4,5,6,7,8,9,10,1,6,1
,,End Step,0,1,2,3,4,5,6,7,8,9,10,5,10,10
,,Rec Count,100,100,97,85,78,71,58,52,48,42,37,431,237,668
,,Dem. Count,100,100,97,85,78,71,58,52,48,42,37,100,58,100
,Healthy,Sum All,100.0,78.0,58.0,53.0,42.0,30.0,27.0,25.0,25.0,22.0,21.0,261.0,120.0,381.0
,Sick,Sum All,0.0,19.0,27.0,25.0,29.0,28.0,25.0,23.0,17.0,15.0,12.0,128.0,92.0,220.0
,Dead,Sum LOCF,0.0,3.0,15.0,22.0,29.0,42.0,48.0,52.0,58.0,63.0,67.0,42.0,67.0,67.0
