Example 2,Example 2,Example 2,Example 2,Example 2,Example 2,Example 2,Example 2,Example 2,Example 2,Example 2,Example 2,Example 2,Example 2,Example 2,Example 2,Example 2
Example 2,Example 2,Example 2,Example 2,Example 2,Example 2,Example 2,Example 2,Example 2,Example 2,Example 2,Example 2,Example 2,Example 2,Example 2,Example 2,Example 2
Example 2 - Initial Conditions,Example 2 - Initial Conditions,Example 2 - Initial Conditions,Example 2 - Initial Conditions,Example 2 - Initial Conditions,Example 2 - Initial Conditions,Example 2 - Initial Conditions,Example 2 - Initial Conditions,Example 2 - Initial Conditions,Example 2 - Initial Conditions,Example 2 - Initial Conditions,Example 2 - Initial Conditions,Example 2 - Initial Conditions,Example 2 - Initial Conditions,Example 2 - Initial Conditions,Example 2 - Initial Conditions,Example 2 - Initial Conditions
Stratification - None:,,Start Step,0,1,2,3,4,5,6,7,8,9,10,1,6,1
,,End Step,0,1,2,3,4,5,6,7,8,9,10,5,10,10
,,Rec Count,100,100,100,93,84,73,66,56,53,48,43,450,266,716
,,Dem. Count,100,100,100,93,84,73,66,56,53,48,43,100,66,100
,Healthy,Sum All,100.0,86.0,67.0,58.0,48.0,40.0,37.0,34.0,25.0,23.0,21.0,299.0,140.0,439.0
,Sick,Sum All,0.0,14.0,26.0,26.0,25.0,26.0,19.0,19.0,23.0,20.0,17.0,117.0,98.0,215.0
,Dead,Sum LOCF,0.0,0.0,7.0,16.0,27.0,34.0,44.0,47.0,52.0,57.0,62.0,34.0,62.0,62.0
