Example 2,Example 2,Example 2,Example 2,Example 2,Example 2,Example 2,Example 2,Example 2,Example 2,Example 2,Example 2,Example 2,Example 2,Example 2,Example 2,Example 2
Example 2,Example 2,Example 2,Example 2,Example 2,Example 2,Example 2,Example 2,Example 2,Example 2,Example 2,Example 2,Example 2,Example 2,Example 2,Example 2,Example 2
Example 2 - Initial Conditions,Example 2 - Initial Conditions,Example 2 - Initial Conditions,Example 2 - Initial Conditions,Example 2 - Initial Conditions,Example 2 - Initial Conditions,Example 2 - Initial Conditions,Example 2 - Initial Conditions,Example 2 - Initial Conditions,Example 2 - Initial Conditions,Example 2 - Initial Conditions,Example 2 - Initial Conditions,Example 2 - Initial Conditions,Example 2 - Initial Conditions,Example 2 - Initial Conditions,Example 2 - Initial Conditions,Example 2 - Initial Conditions
Stratification - None:,,Start Step,0,1,2,3,4,5,6,7,8,9,10,1,6,1
,,End Step,0,1,2,3,4,5,6,7,8,9,10,5,10,10
,,Rec Count,100.0,100.0,98.5,93.0,83.0,74.5,66.5,56.0,50.0,42.5,36.0,448.0,248.5,694.0
,,Dem. Count,100.0,100.0,98.5,93.0,83.0,74.5,66.5,56.0,50.0,42.5,36.0,100.0,66.5,100.0
,Healthy,Sum All,100.0,79.0,64.0,55.0,46.5,40.5,35.0,30.5,27.5,22.0,17.0,284.5,129.0,414.0
,Sick,Sum All,0.0,19.5,30.0,27.0,27.5,27.0,21.0,19.0,17.5,15.5,13.0,125.0,86.0,211.0
,Dead,Sum LOCF,0.0,1.5,7.0,17.0,25.5,33.5,44.0,50.0,57.5,64.0,69.5,33.5,69.5,69.5
,Repetition count,,10,10,10,10,10,10,10,10,10,10,10,10,10,10
