Example 1,Example 1,Example 1,Example 1,Example 1,Example 1,Example 1,Example 1,Example 1,Example 1,Example 1,Example 1,Example 1,Example 1,Example 1,Example 1,Example 1
Example 1,Example 1,Example 1,Example 1,Example 1,Example 1,Example 1,Example 1,Example 1,Example 1,Example 1,Example 1,Example 1,Example 1,Example 1,Example 1,Example 1
Example 1 - Initial Conditions,Example 1 - Initial Conditions,Example 1 - Initial Conditions,Example 1 - Initial Conditions,Example 1 - Initial Conditions,Example 1 - Initial Conditions,Example 1 - Initial Conditions,Example 1 - Initial Conditions,Example 1 - Initial Conditions,Example 1 - Initial Conditions,Example 1 - Initial Conditions,Example 1 - Initial Conditions,Example 1 - Initial Conditions,Example 1 - Initial Conditions,Example 1 - Initial Conditions,Example 1 - Initial Conditions,Example 1 - Initial Conditions
Stratification - None:,,Start Step,0,1,2,3,4,5,6,7,8,9,10,1,6,1
,,End Step,0,1,2,3,4,5,6,7,8,9,10,5,10,10
,,Rec Count,100,100,89,78,77,72,69,65,61,55,53,420,305,737
,,Dem. Count,100,100,89,78,77,72,69,65,61,55,53,100,69,100
,Alive,Sum All,100.0,89.0,78.0,77.0,72.0,69.0,65.0,61.0,55.0,53.0,49.0,389.0,284.0,695.0
,Dead,Sum LOCF,0.0,1.0,2.0,7.0,10.0,15.0,16.0,18.0,20.0,24.0,27.0,15.0,27.0,27.0
,Repetition count,,100,100,100,100,100,100,100,100,100,100,100,100,100,100
