Example 2,Example 2,Example 2,Example 2,Example 2,Example 2,Example 2,Example 2,Example 2,Example 2,Example 2,Example 2,Example 2,Example 2,Example 2,Example 2,Example 2
Example 2,Example 2,Example 2,Example 2,Example 2,Example 2,Example 2,Example 2,Example 2,Example 2,Example 2,Example 2,Example 2,Example 2,Example 2,Example 2,Example 2
Example 2 - Initial Conditions,Example 2 - Initial Conditions,Example 2 - Initial Conditions,Example 2 - Initial Conditions,Example 2 - Initial Conditions,Example 2 - Initial Conditions,Example 2 - Initial Conditions,Example 2 - Initial Conditions,Example 2 - Initial Conditions,Example 2 - Initial Conditions,Example 2 - Initial Conditions,Example 2 - Initial Conditions,Example 2 - Initial Conditions,Example 2 - Initial Conditions,Example 2 - Initial Conditions,Example 2 - Initial Conditions,Example 2 - Initial Conditions
Stratification - None:,,Start Step,0,1,2,3,4,5,6,7,8,9,10,1,6,1
,,End Step,0,1,2,3,4,5,6,7,8,9,10,5,10,10
,,Rec Count,100,100,100,93,87,74,68,60,49,44,40,454,261,715
,,Dem. Count,100,100,100,93,87,74,68,60,49,44,40,100,68,100
,Healthy,Sum All,100.0,79.0,60.0,50.0,44.0,38.0,37.0,30.0,28.0,21.0,18.0,271.0,134.0,405.0
,Sick,Sum All,0.0,21.0,33.0,37.0,30.0,30.0,23.0,19.0,16.0,19.0,17.0,151.0,94.0,245.0
,Dead,Sum LOCF,0.0,0.0,7.0,13.0,26.0,32.0,40.0,51.0,56.0,60.0,65.0,32.0,65.0,65.0
