Example 1,Example 1,Example 1,Example 1,Example 1,Example 1,Example 1,Example 1,Example 1,Example 1,Example 1,Example 1,Example 1,Example 1,Example 1,Example 1,Example 1
Example 1,Example 1,Example 1,Example 1,Example 1,Example 1,Example 1,Example 1,Example 1,Example 1,Example 1,Example 1,Example 1,Example 1,Example 1,Example 1,Example 1
Example 1 - Initial Conditions,Example 1 - Initial Conditions,Example 1 - Initial Conditions,Example 1 - Initial Conditions,Example 1 - Initial Conditions,Example 1 - Initial Conditions,Example 1 - Initial Conditions,Example 1 - Initial Conditions,Example 1 - Initial Conditions,Example 1 - Initial Conditions,Example 1 - Initial Conditions,Example 1 - Initial Conditions,Example 1 - Initial Conditions,Example 1 - Initial Conditions,Example 1 - Initial Conditions,Example 1 - Initial Conditions,Example 1 - Initial Conditions
Stratification - None:,,Start Step,0,1,2,3,4,5,6,7,8,9,10,1,6,1
,,End Step,0,1,2,3,4,5,6,7,8,9,10,5,10,10
,,Rec Count,100.0,100.0,95.200000000000003,89.200000000000003,84.400000000000006,79.599999999999994,75.5,72.299999999999997,68.599999999999994,64.200000000000003,61.100000000000001,448.39999999999998,341.69999999999999,790.10000000000002
,,Dem. Count,100.0,100.0,95.200000000000003,89.200000000000003,84.400000000000006,79.599999999999994,75.5,72.299999999999997,68.599999999999994,64.200000000000003,61.100000000000001,100.0,75.5,100.0
,Alive,Sum All,100.0,95.200000000000003,89.200000000000003,84.400000000000006,79.599999999999994,75.5,72.299999999999997,68.599999999999994,64.200000000000003,61.100000000000001,58.299999999999997,423.89999999999998,324.5,748.39999999999998
,Dead,Sum LOCF,0.0,4.7999999999999998,10.800000000000001,15.6,20.399999999999999,24.5,27.699999999999999,31.399999999999999,35.799999999999997,38.899999999999999,41.700000000000003,24.5,41.700000000000003,41.700000000000003
,Repetition count,,10,10,10,10,10,10,10,10,10,10,10,10,10,10
