Example 2,Example 2,Example 2,Example 2,Example 2,Example 2,Example 2,Example 2,Example 2,Example 2,Example 2,Example 2,Example 2,Example 2,Example 2,Example 2,Example 2
Example 2,Example 2,Example 2,Example 2,Example 2,Example 2,Example 2,Example 2,Example 2,Example 2,Example 2,Example 2,Example 2,Example 2,Example 2,Example 2,Example 2
Example 2 - Initial Conditions,Example 2 - Initial Conditions,Example 2 - Initial Conditions,Example 2 - Initial Conditions,Example 2 - Initial Conditions,Example 2 - Initial Conditions,Example 2 - Initial Conditions,Example 2 - Initial Conditions,Example 2 - Initial Conditions,Example 2 - Initial Conditions,Example 2 - Initial Conditions,Example 2 - Initial Conditions,Example 2 - Initial Conditions,Example 2 - Initial Conditions,Example 2 - Initial Conditions,Example 2 - Initial Conditions,Example 2 - Initial Conditions
Stratification - None:,,Start Step,0,1,2,3,4,5,6,7,8,9,10,1,6,1
,,End Step,0,1,2,3,4,5,6,7,8,9,10,5,10,10
,,Rec Count,100,100,99,90,83,76,66,55,47,45,40,448,253,701
,,Dem. Count,100,100,99,90,83,76,66,55,47,45,40,100,66,100
,Healthy,Sum All,100.0,73.0,65.0,58.0,45.0,36.0,32.0,34.0,27.0,26.0,23.0,277.0,142.0,419.0
,Sick,Sum All,0.0,26.0,25.0,25.0,31.0,30.0,23.0,13.0,18.0,14.0,11.0,137.0,79.0,216.0
,Dead,Sum LOCF,0.0,1.0,10.0,17.0,24.0,34.0,45.0,53.0,55.0,60.0,66.0,34.0,66.0,66.0
