Example 2,Example 2,Example 2,Example 2,Example 2,Example 2,Example 2,Example 2,Example 2,Example 2,Example 2,Example 2,Example 2,Example 2,Example 2,Example 2,Example 2
Example 2,Example 2,Example 2,Example 2,Example 2,Example 2,Example 2,Example 2,Example 2,Example 2,Example 2,Example 2,Example 2,Example 2,Example 2,Example 2,Example 2
Example 2 - Initial Conditions,Example 2 - Initial Conditions,Example 2 - Initial Conditions,Example 2 - Initial Conditions,Example 2 - Initial Conditions,Example 2 - Initial Conditions,Example 2 - Initial Conditions,Example 2 - Initial Conditions,Example 2 - Initial Conditions,Example 2 - Initial Conditions,Example 2 - Initial Conditions,Example 2 - Initial Conditions,Example 2 - Initial Conditions,Example 2 - Initial Conditions,Example 2 - Initial Conditions,Example 2 - Initial Conditions,Example 2 - Initial Conditions
Stratification - None:,,Start Step,0,1,2,3,4,5,6,7,8,9,10,1,6,1
,,End Step,0,1,2,3,4,5,6,7,8,9,10,5,10,10
,,Rec Count,100,100,100,93,84,72,64,53,49,45,40,449,251,700
,,Dem. Count,100,100,100,93,84,72,64,53,49,45,40,100,64,100
,Healthy,Sum All,100.0,76.0,61.0,52.0,42.0,34.0,29.0,32.0,27.0,28.0,26.0,265.0,142.0,407.0
,Sick,Sum All,0.0,24.0,32.0,32.0,30.0,30.0,24.0,17.0,18.0,12.0,10.0,148.0,81.0,229.0
,Dead,Sum LOCF,0.0,0.0,7.0,16.0,28.0,36.0,47.0,51.0,55.0,60.0,64.0,36.0,64.0,64.0
