Example 2,Example 2,Example 2,Example 2,Example 2,Example 2,Example 2,Example 2,Example 2,Example 2,Example 2,Example 2,Example 2,Example 2,Example 2,Example 2,Example 2
Example 2,Example 2,Example 2,Example 2,Example 2,Example 2,Example 2,Example 2,Example 2,Example 2,Example 2,Example 2,Example 2,Example 2,Example 2,Example 2,Example 2
Example 2 - Initial Conditions,Example 2 - Initial Conditions,Example 2 - Initial Conditions,Example 2 - Initial Conditions,Example 2 - Initial Conditions,Example 2 - Initial Conditions,Example 2 - Initial Conditions,Example 2 - Initial Conditions,Example 2 - Initial Conditions,Example 2 - Initial Conditions,Example 2 - Initial Conditions,Example 2 - Initial Conditions,Example 2 - Initial Conditions,Example 2 - Initial Conditions,Example 2 - Initial Conditions,Example 2 - Initial Conditions,Example 2 - Initial Conditions
Stratification - None:,,Start Step,0,1,2,3,4,5,6,7,8,9,10,1,6,1
,,End Step,0,1,2,3,4,5,6,7,8,9,10,5,10,10
,,Rec Count,100,100,99,94,85,74,63,61,50,43,36,452,253,705
,,Dem. Count,100,100,99,94,85,74,63,61,50,43,36,100,63,100
,Healthy,Sum All,100.0,82.0,66.0,50.0,39.0,37.0,31.0,28.0,20.0,20.0,17.0,274.0,116.0,390.0
,Sick,Sum All,0.0,17.0,28.0,35.0,35.0,26.0,30.0,22.0,23.0,16.0,14.0,141.0,105.0,246.0
,Dead,Sum LOCF,0.0,1.0,6.0,15.0,26.0,37.0,39.0,50.0,57.0,64.0,69.0,37.0,69.0,69.0
