Example 2,Example 2,Example 2,Example 2,Example 2,Example 2,Example 2,Example 2,Example 2,Example 2,Example 2,Example 2,Example 2,Example 2,Example 2,Example 2,Example 2
Example 2,Example 2,Example 2,Example 2,Example 2,Example 2,Example 2,Example 2,Example 2,Example 2,Example 2,Example 2,Example 2,Example 2,Example 2,Example 2,Example 2
Example 2 - Initial Conditions,Example 2 - Initial Conditions,Example 2 - Initial Conditions,Example 2 - Initial Conditions,Example 2 - Initial Conditions,Example 2 - Initial Conditions,Example 2 - Initial Conditions,Example 2 - Initial Conditions,Example 2 - Initial Conditions,Example 2 - Initial Conditions,Example 2 - Initial Conditions,Example 2 - Initial Conditions,Example 2 - Initial Conditions,Example 2 - Initial Conditions,Example 2 - Initial Conditions,Example 2 - Initial Conditions,Example 2 - Initial Conditions
Stratification - None:,,Start Step,0,1,2,3,4,5,6,7,8,9,10,1,6,1
,,End Step,0,1,2,3,4,5,6,7,8,9,10,5,10,10
,,Rec Count,100,100,100,93,83,77,69,60,49,46,45,453,269,722
,,Dem. Count,100,100,100,93,83,77,69,60,49,46,45,100,69,100
,Healthy,Sum All,100.0,80.0,70.0,59.0,52.0,44.0,38.0,32.0,28.0,25.0,26.0,305.0,149.0,454.0
,Sick,Sum All,0.0,20.0,23.0,24.0,25.0,25.0,22.0,17.0,18.0,20.0,14.0,117.0,91.0,208.0
,Dead,Sum LOCF,0.0,0.0,7.0,17.0,23.0,31.0,40.0,51.0,54.0,55.0,60.0,31.0,60.0,60.0
