Example 2,Example 2,Example 2,Example 2,Example 2,Example 2,Example 2,Example 2,Example 2,Example 2,Example 2,Example 2,Example 2,Example 2,Example 2,Example 2,Example 2
Example 2,Example 2,Example 2,Example 2,Example 2,Example 2,Example 2,Example 2,Example 2,Example 2,Example 2,Example 2,Example 2,Example 2,Example 2,Example 2,Example 2
Example 2 - Initial Conditions,Example 2 - Initial Conditions,Example 2 - Initial Conditions,Example 2 - Initial Conditions,Example 2 - Initial Conditions,Example 2 - Initial Conditions,Example 2 - Initial Conditions,Example 2 - Initial Conditions,Example 2 - Initial Conditions,Example 2 - Initial Conditions,Example 2 - Initial Conditions,Example 2 - Initial Conditions,Example 2 - Initial Conditions,Example 2 - Initial Conditions,Example 2 - Initial Conditions,Example 2 - Initial Conditions,Example 2 - Initial Conditions
Stratification - None:,,Start Step,0,1,2,3,4,5,6,7,8,9,10,1,6,1
,,End Step,0,1,2,3,4,5,6,7,8,9,10,5,10,10
,,Rec Count,100,100,100,91,81,70,63,56,51,48,42,442,260,702
,,Dem. Count,100,100,100,91,81,70,63,56,51,48,42,100,63,100
,Healthy,Sum All,100.0,76.0,62.0,46.0,37.0,32.0,32.0,31.0,32.0,28.0,24.0,253.0,147.0,400.0
,Sick,Sum All,0.0,24.0,29.0,35.0,33.0,31.0,24.0,20.0,16.0,14.0,14.0,152.0,88.0,240.0
,Dead,Sum LOCF,0.0,0.0,9.0,19.0,30.0,37.0,44.0,49.0,52.0,58.0,62.0,37.0,62.0,62.0
