Example 2,Example 2,Example 2,Example 2,Example 2,Example 2,Example 2,Example 2,Example 2,Example 2,Example 2,Example 2,Example 2,Example 2,Example 2,Example 2,Example 2
Example 2,Example 2,Example 2,Example 2,Example 2,Example 2,Example 2,Example 2,Example 2,Example 2,Example 2,Example 2,Example 2,Example 2,Example 2,Example 2,Example 2
Example 2 - Initial Conditions,Example 2 - Initial Conditions,Example 2 - Initial Conditions,Example 2 - Initial Conditions,Example 2 - Initial Conditions,Example 2 - Initial Conditions,Example 2 - Initial Conditions,Example 2 - Initial Conditions,Example 2 - Initial Conditions,Example 2 - Initial Conditions,Example 2 - Initial Conditions,Example 2 - Initial Conditions,Example 2 - Initial Conditions,Example 2 - Initial Conditions,Example 2 - Initial Conditions,Example 2 - Initial Conditions,Example 2 - Initial Conditions
Stratification - None:,,Start Step,0,1,2,3,4,5,6,7,8,9,10,1,6,1
,,End Step,0,1,2,3,4,5,6,7,8,9,10,5,10,10
,,Rec Count,100,100,99,87,79,72,62,57,48,44,40,437,251,688
,,Dem. Count,100,100,99,87,79,72,62,57,48,44,40,100,62,100
,Healthy,Sum All,100.0,76.0,59.0,54.0,44.0,43.0,36.0,34.0,28.0,25.0,21.0,276.0,144.0,420.0
,Sick,Sum All,0.0,23.0,28.0,25.0,28.0,19.0,21.0,14.0,16.0,15.0,15.0,123.0,81.0,204.0
,Dead,Sum LOCF,0.0,1.0,13.0,21.0,28.0,38.0,43.0,52.0,56.0,60.0,64.0,38.0,64.0,64.0
