Example 2,Example 2,Example 2,Example 2,Example 2,Example 2,Example 2,Example 2,Example 2,Example 2,Example 2,Example 2,Example 2,Example 2,Example 2,Example 2,Example 2
Example 2,Example 2,Example 2,Example 2,Example 2,Example 2,Example 2,Example 2,Example 2,Example 2,Example 2,Example 2,Example 2,Example 2,Example 2,Example 2,Example 2
Example 2 - Initial Conditions,Example 2 - Initial Conditions,Example 2 - Initial Conditions,Example 2 - Initial Conditions,Example 2 - Initial Conditions,Example 2 - Initial Conditions,Example 2 - Initial Conditions,Example 2 - Initial Conditions,Example 2 - Initial Conditions,Example 2 - Initial Conditions,Example 2 - Initial Conditions,Example 2 - Initial Conditions,Example 2 - Initial Conditions,Example 2 - Initial Conditions,Example 2 - Initial Conditions,Example 2 - Initial Conditions,Example 2 - Initial Conditions
Stratification - None:,,Start Step,0,1,2,3,4,5,6,7,8,9,10,1,6,1
,,End Step,0,1,2,3,4,5,6,7,8,9,10,5,10,10
,,Rec Count,100,100,97,93,87,76,62,52,44,34,31,453,223,676
,,Dem. Count,100,100,97,93,87,76,62,52,44,34,31,100,62,100
,Healthy,Sum All,100.0,81.0,70.0,56.0,47.0,41.0,34.0,26.0,25.0,21.0,16.0,295.0,122.0,417.0
,Sick,Sum All,0.0,16.0,23.0,31.0,29.0,21.0,18.0,18.0,9.0,10.0,12.0,120.0,67.0,187.0
,Dead,Sum LOCF,0.0,3.0,7.0,13.0,24.0,38.0,48.0,56.0,66.0,69.0,72.0,38.0,72.0,72.0
