Example 2,Example 2,Example 2,Example 2,Example 2,Example 2,Example 2,Example 2,Example 2,Example 2,Example 2,Example 2,Example 2,Example 2,Example 2,Example 2,Example 2
Example 2,Example 2,Example 2,Example 2,Example 2,Example 2,Example 2,Example 2,Example 2,Example 2,Example 2,Example 2,Example 2,Example 2,Example 2,Example 2,Example 2
Example 2 - Initial Conditions,Example 2 - Initial Conditions,Example 2 - Initial Conditions,Example 2 - Initial Conditions,Example 2 - Initial Conditions,Example 2 - Initial Conditions,Example 2 - Initial Conditions,Example 2 - Initial Conditions,Example 2 - Initial Conditions,Example 2 - Initial Conditions,Example 2 - Initial Conditions,Example 2 - Initial Conditions,Example 2 - Initial Conditions,Example 2 - Initial Conditions,Example 2 - Initial Conditions,Example 2 - Initial Conditions,Example 2 - Initial Conditions
Stratification - None:,,Start Step,0,1,2,3,4,5,6,7,8,9,10,1,6,1
,,End Step,0,1,2,3,4,5,6,7,8,9,10,5,10,10
,,Rec Count,100,100,100,95,89,72,62,53,46,37,33,456,231,687
,,Dem. Count,100,100,100,95,89,72,62,53,46,37,33,100,62,100
,Healthy,Sum All,100.0,84.0,62.0,53.0,39.0,36.0,30.0,28.0,25.0,20.0,19.0,274.0,122.0,396.0
,Sick,Sum All,0.0,16.0,33.0,36.0,33.0,26.0,23.0,18.0,12.0,13.0,8.0,144.0,74.0,218.0
,Dead,Sum LOCF,0.0,0.0,5.0,11.0,28.0,38.0,47.0,54.0,63.0,67.0,73.0,38.0,73.0,73.0
