Example 2,Example 2,Example 2,Example 2,Example 2,Example 2,Example 2,Example 2,Example 2,Example 2,Example 2,Example 2,Example 2,Example 2,Example 2,Example 2,Example 2
Example 2,Example 2,Example 2,Example 2,Example 2,Example 2,Example 2,Example 2,Example 2,Example 2,Example 2,Example 2,Example 2,Example 2,Example 2,Example 2,Example 2
Example 2 - Initial Conditions,Example 2 - Initial Conditions,Example 2 - Initial Conditions,Example 2 - Initial Conditions,Example 2 - Initial Conditions,Example 2 - Initial Conditions,Example 2 - Initial Conditions,Example 2 - Initial Conditions,Example 2 - Initial Conditions,Example 2 - Initial Conditions,Example 2 - Initial Conditions,Example 2 - Initial Conditions,Example 2 - Initial Conditions,Example 2 - Initial Conditions,Example 2 - Initial Conditions,Example 2 - Initial Conditions,Example 2 - Initial Conditions
Stratification - None:,,Start Step,0,1,2,3,4,5,6,7,8,9,10,1,6,1
,,End Step,0,1,2,3,4,5,6,7,8,9,10,5,10,10
,,Rec Count,100,100,100,91,78,72,62,56,49,42,37,441,246,687
,,Dem. Count,100,100,100,91,78,72,62,56,49,42,37,100,62,100
,Healthy,Sum All,100.0,78.0,58.0,54.0,46.0,39.0,30.0,30.0,27.0,25.0,25.0,275.0,137.0,412.0
,Sick,Sum All,0.0,22.0,33.0,24.0,26.0,23.0,26.0,19.0,15.0,12.0,9.0,128.0,81.0,209.0
,Dead,Sum LOCF,0.0,0.0,9.0,22.0,28.0,38.0,44.0,51.0,58.0,63.0,66.0,38.0,66.0,66.0
