Example 2,Example 2,Example 2,Example 2,Example 2,Example 2,Example 2,Example 2,Example 2,Example 2,Example 2,Example 2,Example 2,Example 2,Example 2,Example 2,Example 2
Example 2,Example 2,Example 2,Example 2,Example 2,Example 2,Example 2,Example 2,Example 2,Example 2,Example 2,Example 2,Example 2,Example 2,Example 2,Example 2,Example 2
Example 2 - Initial Conditions,Example 2 - Initial Conditions,Example 2 - Initial Conditions,Example 2 - Initial Conditions,Example 2 - Initial Conditions,Example 2 - Initial Conditions,Example 2 - Initial Conditions,Example 2 - Initial Conditions,Example 2 - Initial Conditions,Example 2 - Initial Conditions,Example 2 - Initial Conditions,Example 2 - Initial Conditions,Example 2 - Initial Conditions,Example 2 - Initial Conditions,Example 2 - Initial Conditions,Example 2 - Initial Conditions,Example 2 - Initial Conditions
Stratification - None:,,Start Step,0,1,2,3,4,5,6,7,8,9,10,1,6,1
,,End Step,0,1,2,3,4,5,6,7,8,9,10,5,10,10
,,Rec Count,100,100,100,99,85,76,66,58,52,45,38,460,259,719
,,Dem. Count,100,100,100,99,85,76,66,58,52,45,38,100,66,100
,Healthy,Sum All,100.0,85.0,73.0,58.0,51.0,38.0,36.0,32.0,32.0,21.0,19.0,305.0,140.0,445.0
,Sick,Sum All,0.0,15.0,26.0,27.0,25.0,28.0,22.0,20.0,13.0,17.0,15.0,121.0,87.0,208.0
,Dead,Sum LOCF,0.0,0.0,1.0,15.0,24.0,34.0,42.0,48.0,55.0,62.0,66.0,34.0,66.0,66.0
