Example 2,Example 2,Example 2,Example 2,Example 2,Example 2,Example 2,Example 2,Example 2,Example 2,Example 2,Example 2,Example 2,Example 2,Example 2,Example 2,Example 2
Example 2,Example 2,Example 2,Example 2,Example 2,Example 2,Example 2,Example 2,Example 2,Example 2,Example 2,Example 2,Example 2,Example 2,Example 2,Example 2,Example 2
Example 2 - Initial Conditions,Example 2 - Initial Conditions,Example 2 - Initial Conditions,Example 2 - Initial Conditions,Example 2 - Initial Conditions,Example 2 - Initial Conditions,Example 2 - Initial Conditions,Example 2 - Initial Conditions,Example 2 - Initial Conditions,Example 2 - Initial Conditions,Example 2 - Initial Conditions,Example 2 - Initial Conditions,Example 2 - Initial Conditions,Example 2 - Initial Conditions,Example 2 - Initial Conditions,Example 2 - Initial Conditions,Example 2 - Initial Conditions
Stratification - None:,,Start Step,0,1,2,3,4,5,6,7,8,9,10,1,6,1
,,End Step,0,1,2,3,4,5,6,7,8,9,10,5,10,10
,,Rec Count,100,100,99,87,78,65,61,51,46,38,32,429,228,657
,,Dem. Count,100,100,99,87,78,65,61,51,46,38,32,100,61,100
,Healthy,Sum All,100.0,75.0,63.0,52.0,43.0,36.0,29.0,27.0,25.0,20.0,16.0,269.0,117.0,386.0
,Sick,Sum All,0.0,24.0,24.0,26.0,22.0,25.0,22.0,19.0,13.0,12.0,11.0,121.0,77.0,198.0
,Dead,Sum LOCF,0.0,1.0,13.0,22.0,35.0,39.0,49.0,54.0,62.0,68.0,73.0,39.0,73.0,73.0
