Example 2,Example 2,Example 2,Example 2,Example 2,Example 2,Example 2,Example 2,Example 2,Example 2,Example 2,Example 2,Example 2,Example 2,Example 2,Example 2,Example 2
Example 2,Example 2,Example 2,Example 2,Example 2,Example 2,Example 2,Example 2,Example 2,Example 2,Example 2,Example 2,Example 2,Example 2,Example 2,Example 2,Example 2
Example 2 - Initial Conditions,Example 2 - Initial Conditions,Example 2 - Initial Conditions,Example 2 - Initial Conditions,Example 2 - Initial Conditions,Example 2 - Initial Conditions,Example 2 - Initial Conditions,Example 2 - Initial Conditions,Example 2 - Initial Conditions,Example 2 - Initial Conditions,Example 2 - Initial Conditions,Example 2 - Initial Conditions,Example 2 - Initial Conditions,Example 2 - Initial Conditions,Example 2 - Initial Conditions,Example 2 - Initial Conditions,Example 2 - Initial Conditions
Stratification - None:,,Start Step,0,1,2,3,4,5,6,7,8,9,10,1,6,1
,,End Step,0,1,2,3,4,5,6,7,8,9,10,5,10,10
,,Rec Count,100,100,99,93,83,75,65,57,49,39,32,450,242,692
,,Dem. Count,100,100,99,93,83,75,65,57,49,39,32,100,65,100
,Healthy,Sum All,100.0,77.0,61.0,54.0,48.0,36.0,30.0,27.0,23.0,19.0,18.0,276.0,117.0,393.0
,Sick,Sum All,0.0,22.0,32.0,29.0,27.0,29.0,27.0,22.0,16.0,13.0,12.0,139.0,90.0,229.0
,Dead,Sum LOCF,0.0,1.0,7.0,17.0,25.0,35.0,43.0,51.0,61.0,68.0,70.0,35.0,70.0,70.0
