Example 2,Example 2,Example 2,Example 2,Example 2,Example 2,Example 2,Example 2,Example 2,Example 2,Example 2,Example 2,Example 2,Example 2,Example 2,Example 2,Example 2
Example 2,Example 2,Example 2,Example 2,Example 2,Example 2,Example 2,Example 2,Example 2,Example 2,Example 2,Example 2,Example 2,Example 2,Example 2,Example 2,Example 2
Example 2 - Initial Conditions,Example 2 - Initial Conditions,Example 2 - Initial Conditions,Example 2 - Initial Conditions,Example 2 - Initial Conditions,Example 2 - Initial Conditions,Example 2 - Initial Conditions,Example 2 - Initial Conditions,Example 2 - Initial Conditions,Example 2 - Initial Conditions,Example 2 - Initial Conditions,Example 2 - Initial Conditions,Example 2 - Initial Conditions,Example 2 - Initial Conditions,Example 2 - Initial Conditions,Example 2 - Initial Conditions,Example 2 - Initial Conditions
Stratification - None:,,Start Step,0,1,2,3,4,5,6,7,8,9,10,1,6,1
,,End Step,0,1,2,3,4,5,6,7,8,9,10,5,10,10
,,Rec Count,100,100,99,89,77,66,63,54,46,40,34,431,237,668
,,Dem. Count,100,100,99,89,77,66,63,54,46,40,34,100,63,100
,Healthy,Sum All,100.0,73.0,63.0,52.0,45.0,40.0,31.0,26.0,23.0,23.0,19.0,273.0,122.0,395.0
,Sick,Sum All,0.0,26.0,26.0,25.0,21.0,23.0,23.0,20.0,17.0,11.0,12.0,121.0,83.0,204.0
,Dead,Sum LOCF,0.0,1.0,11.0,23.0,34.0,37.0,46.0,54.0,60.0,66.0,69.0,37.0,69.0,69.0
