Example 2,Example 2,Example 2,Example 2,Example 2,Example 2,Example 2,Example 2,Example 2,Example 2,Example 2,Example 2,Example 2,Example 2,Example 2,Example 2,Example 2
Example 2,Example 2,Example 2,Example 2,Example 2,Example 2,Example 2,Example 2,Example 2,Example 2,Example 2,Example 2,Example 2,Example 2,Example 2,Example 2,Example 2
Example 2 - Initial Conditions,Example 2 - Initial Conditions,Example 2 - Initial Conditions,Example 2 - Initial Conditions,Example 2 - Initial Conditions,Example 2 - Initial Conditions,Example 2 - Initial Conditions,Example 2 - Initial Conditions,Example 2 - Initial Conditions,Example 2 - Initial Conditions,Example 2 - Initial Conditions,Example 2 - Initial Conditions,Example 2 - Initial Conditions,Example 2 - Initial Conditions,Example 2 - Initial Conditions,Example 2 - Initial Conditions,Example 2 - Initial Conditions
Stratification - None:,,Start Step,0,1,2,3,4,5,6,7,8,9,10,1,6,1
,,End Step,0,1,2,3,4,5,6,7,8,9,10,5,10,10
,,Rec Count,100,100,99,91,83,74,67,59,56,46,42,447,270,717
,,Dem. Count,100,100,99,91,83,74,67,59,56,46,42,100,67,100
,Healthy,Sum All,100.0,82.0,68.0,58.0,49.0,43.0,38.0,35.0,32.0,29.0,21.0,300.0,155.0,455.0
,Sick,Sum All,0.0,17.0,23.0,25.0,25.0,24.0,21.0,21.0,14.0,13.0,19.0,114.0,88.0,202.0
,Dead,Sum LOCF,0.0,1.0,9.0,17.0,26.0,33.0,41.0,44.0,54.0,58.0,60.0,33.0,60.0,60.0
