Example 1,Example 1,Example 1,Example 1,Example 1,Example 1,Example 1,Example 1,Example 1,Example 1,Example 1,Example 1,Example 1,Example 1,Example 1,Example 1,Example 1
Example 1,Example 1,Example 1,Example 1,Example 1,Example 1,Example 1,Example 1,Example 1,Example 1,Example 1,Example 1,Example 1,Example 1,Example 1,Example 1,Example 1
Example 1 - Initial Conditions,Example 1 - Initial Conditions,Example 1 - Initial Conditions,Example 1 - Initial Conditions,Example 1 - Initial Conditions,Example 1 - Initial Conditions,Example 1 - Initial Conditions,Example 1 - Initial Conditions,Example 1 - Initial Conditions,Example 1 - Initial Conditions,Example 1 - Initial Conditions,Example 1 - Initial Conditions,Example 1 - Initial Conditions,Example 1 - Initial Conditions,Example 1 - Initial Conditions,Example 1 - Initial Conditions,Example 1 - Initial Conditions
Stratification - None:,,Start Step,0,1,2,3,4,5,6,7,8,9,10,1,6,1
,,End Step,0,1,2,3,4,5,6,7,8,9,10,5,10,10
,,Rec Count,100.0,100.0,95.379999999999995,90.620000000000005,85.989999999999995,81.739999999999995,77.569999999999993,74.030000000000001,70.450000000000003,66.560000000000002,63.140000000000001,453.73000000000002,351.75,805.48000000000002
,,Dem. Count,100.0,100.0,95.379999999999995,90.620000000000005,85.989999999999995,81.739999999999995,77.569999999999993,74.030000000000001,70.450000000000003,66.560000000000002,63.140000000000001,100.0,77.569999999999993,100.0
,Alive,Sum All,100.0,95.379999999999995,90.620000000000005,85.989999999999995,81.739999999999995,77.569999999999993,74.030000000000001,70.450000000000003,66.560000000000002,63.140000000000001,59.969999999999999,431.30000000000001,334.14999999999998,765.45000000000005
,Dead,Sum LOCF,0.0,4.6200000000000001,9.3800000000000008,14.01,18.260000000000002,22.43,25.969999999999999,29.550000000000001,33.439999999999998,36.859999999999999,40.030000000000001,22.43,40.030000000000001,40.030000000000001
,Repetition count,,100,100,100,100,100,100,100,100,100,100,100,100,100,100
