Example 2,Example 2,Example 2,Example 2,Example 2,Example 2,Example 2,Example 2,Example 2,Example 2,Example 2,Example 2,Example 2,Example 2,Example 2,Example 2,Example 2
Example 2,Example 2,Example 2,Example 2,Example 2,Example 2,Example 2,Example 2,Example 2,Example 2,Example 2,Example 2,Example 2,Example 2,Example 2,Example 2,Example 2
Example 2 - Initial Conditions,Example 2 - Initial Conditions,Example 2 - Initial Conditions,Example 2 - Initial Conditions,Example 2 - Initial Conditions,Example 2 - Initial Conditions,Example 2 - Initial Conditions,Example 2 - Initial Conditions,Example 2 - Initial Conditions,Example 2 - Initial Conditions,Example 2 - Initial Conditions,Example 2 - Initial Conditions,Example 2 - Initial Conditions,Example 2 - Initial Conditions,Example 2 - Initial Conditions,Example 2 - Initial Conditions,Example 2 - Initial Conditions
Stratification - None:,,Start Step,0,1,2,3,4,5,6,7,8,9,10,1,6,1
,,End Step,0,1,2,3,4,5,6,7,8,9,10,5,10,10
,,Rec Count,100,100,98,87,81,72,62,56,52,47,41,438,258,696
,,Dem. Count,100,100,98,87,81,72,62,56,52,47,41,100,62,100
,Healthy,Sum All,100.0,79.0,64.0,45.0,45.0,38.0,38.0,32.0,29.0,27.0,24.0,271.0,150.0,421.0
,Sick,Sum All,0.0,19.0,23.0,36.0,27.0,24.0,18.0,20.0,18.0,14.0,11.0,129.0,81.0,210.0
,Dead,Sum LOCF,0.0,2.0,13.0,19.0,28.0,38.0,44.0,48.0,53.0,59.0,65.0,38.0,65.0,65.0
