Example 2,Example 2,Example 2,Example 2,Example 2,Example 2,Example 2,Example 2,Example 2,Example 2,Example 2,Example 2,Example 2,Example 2,Example 2,Example 2,Example 2
Example 2,Example 2,Example 2,Example 2,Example 2,Example 2,Example 2,Example 2,Example 2,Example 2,Example 2,Example 2,Example 2,Example 2,Example 2,Example 2,Example 2
Example 2 - Initial Conditions,Example 2 - Initial Conditions,Example 2 - Initial Conditions,Example 2 - Initial Conditions,Example 2 - Initial Conditions,Example 2 - Initial Conditions,Example 2 - Initial Conditions,Example 2 - Initial Conditions,Example 2 - Initial Conditions,Example 2 - Initial Conditions,Example 2 - Initial Conditions,Example 2 - Initial Conditions,Example 2 - Initial Conditions,Example 2 - Initial Conditions,Example 2 - Initial Conditions,Example 2 - Initial Conditions,Example 2 - Initial Conditions
Stratification - None:,,Start Step,0,1,2,3,4,5,6,7,8,9,10,1,6,1
,,End Step,0,1,2,3,4,5,6,7,8,9,10,5,10,10
,,Rec Count,100,100,98,90,78,72,61,59,51,45,39,438,255,693
,,Dem. Count,100,100,98,90,78,72,61,59,51,45,39,100,61,100
,Healthy,Sum All,100.0,77.0,57.0,50.0,43.0,39.0,37.0,34.0,29.0,28.0,23.0,266.0,151.0,417.0
,Sick,Sum All,0.0,21.0,33.0,28.0,29.0,22.0,22.0,17.0,16.0,11.0,14.0,133.0,80.0,213.0
,Dead,Sum LOCF,0.0,2.0,10.0,22.0,28.0,39.0,41.0,49.0,55.0,61.0,63.0,39.0,63.0,63.0
