Example 2,Example 2,Example 2,Example 2,Example 2,Example 2,Example 2,Example 2,Example 2,Example 2,Example 2,Example 2,Example 2,Example 2,Example 2,Example 2,Example 2
Example 2,Example 2,Example 2,Example 2,Example 2,Example 2,Example 2,Example 2,Example 2,Example 2,Example 2,Example 2,Example 2,Example 2,Example 2,Example 2,Example 2
Example 2 - Initial Conditions,Example 2 - Initial Conditions,Example 2 - Initial Conditions,Example 2 - Initial Conditions,Example 2 - Initial Conditions,Example 2 - Initial Conditions,Example 2 - Initial Conditions,Example 2 - Initial Conditions,Example 2 - Initial Conditions,Example 2 - Initial Conditions,Example 2 - Initial Conditions,Example 2 - Initial Conditions,Example 2 - Initial Conditions,Example 2 - Initial Conditions,Example 2 - Initial Conditions,Example 2 - Initial Conditions,Example 2 - Initial Conditions
Stratification - None:,,Start Step,0,1,2,3,4,5,6,7,8,9,10,1,6,1
,,End Step,0,1,2,3,4,5,6,7,8,9,10,5,10,10
,,Rec Count,100,100,98,90,77,68,64,53,45,39,36,433,237,670
,,Dem. Count,100,100,98,90,77,68,64,53,45,39,36,100,64,100
,Healthy,Sum All,100.0,78.0,69.0,53.0,42.0,33.0,33.0,28.0,27.0,23.0,16.0,275.0,127.0,402.0
,Sick,Sum All,0.0,20.0,21.0,24.0,26.0,31.0,20.0,17.0,12.0,13.0,14.0,122.0,76.0,198.0
,Dead,Sum LOCF,0.0,2.0,10.0,23.0,32.0,36.0,47.0,55.0,61.0,64.0,70.0,36.0,70.0,70.0
