Example 2,Example 2,Example 2,Example 2,Example 2,Example 2,Example 2,Example 2,Example 2,Example 2,Example 2,Example 2,Example 2,Example 2,Example 2,Example 2,Example 2
Example 2,Example 2,Example 2,Example 2,Example 2,Example 2,Example 2,Example 2,Example 2,Example 2,Example 2,Example 2,Example 2,Example 2,Example 2,Example 2,Example 2
Example 2 - Initial Conditions,Example 2 - Initial Conditions,Example 2 - Initial Conditions,Example 2 - Initial Conditions,Example 2 - Initial Conditions,Example 2 - Initial Conditions,Example 2 - Initial Conditions,Example 2 - Initial Conditions,Example 2 - Initial Conditions,Example 2 - Initial Conditions,Example 2 - Initial Conditions,Example 2 - Initial Conditions,Example 2 - Initial Conditions,Example 2 - Initial Conditions,Example 2 - Initial Conditions,Example 2 - Initial Conditions,Example 2 - Initial Conditions
Stratification - None:,,Start Step,0,1,2,3,4,5,6,7,8,9,10,1,6,1
,,End Step,0,1,2,3,4,5,6,7,8,9,10,5,10,10
,,Rec Count,100,100,100,92,82,70,61,49,43,41,32,444,226,670
,,Dem. Count,100,100,100,92,82,70,61,49,43,41,32,100,61,100
,Healthy,Sum All,100.0,76.0,63.0,51.0,42.0,33.0,30.0,26.0,25.0,17.0,14.0,265.0,112.0,377.0
,Sick,Sum All,0.0,24.0,29.0,31.0,28.0,28.0,19.0,17.0,16.0,15.0,11.0,140.0,78.0,218.0
,Dead,Sum LOCF,0.0,0.0,8.0,18.0,30.0,39.0,51.0,57.0,59.0,68.0,75.0,39.0,75.0,75.0
