Example 2,Example 2,Example 2,Example 2,Example 2,Example 2,Example 2,Example 2,Example 2,Example 2,Example 2,Example 2,Example 2,Example 2,Example 2,Example 2,Example 2
Example 2,Example 2,Example 2,Example 2,Example 2,Example 2,Example 2,Example 2,Example 2,Example 2,Example 2,Example 2,Example 2,Example 2,Example 2,Example 2,Example 2
Example 2 - Initial Conditions,Example 2 - Initial Conditions,Example 2 - Initial Conditions,Example 2 - Initial Conditions,Example 2 - Initial Conditions,Example 2 - Initial Conditions,Example 2 - Initial Conditions,Example 2 - Initial Conditions,Example 2 - Initial Conditions,Example 2 - Initial Conditions,Example 2 - Initial Conditions,Example 2 - Initial Conditions,Example 2 - Initial Conditions,Example 2 - Initial Conditions,Example 2 - Initial Conditions,Example 2 - Initial Conditions,Example 2 - Initial Conditions
Stratification - None:,,Start Step,0,1,2,3,4,5,6,7,8,9,10,1,6,1
,,End Step,0,1,2,3,4,5,6,7,8,9,10,5,10,10
,,Rec Count,100,100,98,92,86,79,70,63,56,50,42,455,281,736
,,Dem. Count,100,100,98,92,86,79,70,63,56,50,42,100,70,100
,Healthy,Sum All,100.0,74.0,63.0,58.0,47.0,45.0,39.0,32.0,29.0,26.0,22.0,287.0,148.0,435.0
,Sick,Sum All,0.0,24.0,29.0,28.0,32.0,25.0,24.0,24.0,21.0,16.0,18.0,138.0,103.0,241.0
,Dead,Sum LOCF,0.0,2.0,8.0,14.0,21.0,30.0,37.0,44.0,50.0,58.0,60.0,30.0,60.0,60.0
