Example 2,Example 2,Example 2,Example 2,Example 2,Example 2,Example 2,Example 2,Example 2,Example 2,Example 2,Example 2,Example 2,Example 2,Example 2,Example 2,Example 2
Example 2,Example 2,Example 2,Example 2,Example 2,Example 2,Example 2,Example 2,Example 2,Example 2,Example 2,Example 2,Example 2,Example 2,Example 2,Example 2,Example 2
Example 2 - Initial Conditions,Example 2 - Initial Conditions,Example 2 - Initial Conditions,Example 2 - Initial Conditions,Example 2 - Initial Conditions,Example 2 - Initial Conditions,Example 2 - Initial Conditions,Example 2 - Initial Conditions,Example 2 - Initial Conditions,Example 2 - Initial Conditions,Example 2 - Initial Conditions,Example 2 - Initial Conditions,Example 2 - Initial Conditions,Example 2 - Initial Conditions,Example 2 - Initial Conditions,Example 2 - Initial Conditions,Example 2 - Initial Conditions
Stratification - None:,,Start Step,0,1,2,3,4,5,6,7,8,9,10,1,6,1
,,End Step,0,1,2,3,4,5,6,7,8,9,10,5,10,10
,,Rec Count,100,100,100,95,85,74,61,52,43,38,33,454,227,681
,,Dem. Count,100,100,100,95,85,74,61,52,43,38,33,100,61,100
,Healthy,Sum All,100.0,79.0,64.0,46.0,39.0,37.0,32.0,28.0,24.0,20.0,16.0,265.0,120.0,385.0
,Sick,Sum All,0.0,21.0,31.0,39.0,35.0,24.0,20.0,15.0,14.0,13.0,15.0,150.0,77.0,227.0
,Dead,Sum LOCF,0.0,0.0,5.0,15.0,26.0,39.0,48.0,57.0,62.0,67.0,69.0,39.0,69.0,69.0
