Example 2,Example 2,Example 2,Example 2,Example 2,Example 2,Example 2,Example 2,Example 2,Example 2,Example 2,Example 2,Example 2,Example 2,Example 2,Example 2,Example 2
Example 2,Example 2,Example 2,Example 2,Example 2,Example 2,Example 2,Example 2,Example 2,Example 2,Example 2,Example 2,Example 2,Example 2,Example 2,Example 2,Example 2
Example 2 - Initial Conditions,Example 2 - Initial Conditions,Example 2 - Initial Conditions,Example 2 - Initial Conditions,Example 2 - Initial Conditions,Example 2 - Initial Conditions,Example 2 - Initial Conditions,Example 2 - Initial Conditions,Example 2 - Initial Conditions,Example 2 - Initial Conditions,Example 2 - Initial Conditions,Example 2 - Initial Conditions,Example 2 - Initial Conditions,Example 2 - Initial Conditions,Example 2 - Initial Conditions,Example 2 - Initial Conditions,Example 2 - Initial Conditions
Stratification - None:,,Start Step,0,1,2,3,4,5,6,7,8,9,10,1,6,1
,,End Step,0,1,2,3,4,5,6,7,8,9,10,5,10,10
,,Rec Count,100,100,99,95,86,75,63,55,49,43,35,455,245,700
,,Dem. Count,100,100,99,95,86,75,63,55,49,43,35,100,63,100
,Healthy,Sum All,100.0,87.0,71.0,58.0,47.0,38.0,33.0,26.0,21.0,16.0,12.0,301.0,108.0,409.0
,Sick,Sum All,0.0,12.0,24.0,28.0,28.0,25.0,22.0,23.0,22.0,19.0,20.0,117.0,106.0,223.0
,Dead,Sum LOCF,0.0,1.0,5.0,14.0,25.0,37.0,45.0,51.0,57.0,65.0,68.0,37.0,68.0,68.0
