Example 2,Example 2,Example 2,Example 2,Example 2,Example 2,Example 2,Example 2,Example 2,Example 2,Example 2,Example 2,Example 2,Example 2,Example 2,Example 2,Example 2
Example 2,Example 2,Example 2,Example 2,Example 2,Example 2,Example 2,Example 2,Example 2,Example 2,Example 2,Example 2,Example 2,Example 2,Example 2,Example 2,Example 2
Example 2 - Initial Conditions,Example 2 - Initial Conditions,Example 2 - Initial Conditions,Example 2 - Initial Conditions,Example 2 - Initial Conditions,Example 2 - Initial Conditions,Example 2 - Initial Conditions,Example 2 - Initial Conditions,Example 2 - Initial Conditions,Example 2 - Initial Conditions,Example 2 - Initial Conditions,Example 2 - Initial Conditions,Example 2 - Initial Conditions,Example 2 - Initial Conditions,Example 2 - Initial Conditions,Example 2 - Initial Conditions,Example 2 - Initial Conditions
Stratification - None:,,Start Step,0,1,2,3,4,5,6,7,8,9,10,1,6,1
,,End Step,0,1,2,3,4,5,6,7,8,9,10,5,10,10
,,Rec Count,100,100,98,92,78,67,60,53,45,42,31,435,231,666
,,Dem. Count,100,100,98,92,78,67,60,53,45,42,31,100,60,100
,Healthy,Sum All,100.0,74.0,58.0,50.0,41.0,34.0,28.0,28.0,23.0,19.0,17.0,257.0,115.0,372.0
,Sick,Sum All,0.0,24.0,34.0,28.0,26.0,26.0,25.0,17.0,19.0,12.0,11.0,138.0,84.0,222.0
,Dead,Sum LOCF,0.0,2.0,8.0,22.0,33.0,40.0,47.0,55.0,58.0,69.0,72.0,40.0,72.0,72.0
