Example 2,Example 2,Example 2,Example 2,Example 2,Example 2,Example 2,Example 2,Example 2,Example 2,Example 2,Example 2,Example 2,Example 2,Example 2,Example 2,Example 2
Example 2,Example 2,Example 2,Example 2,Example 2,Example 2,Example 2,Example 2,Example 2,Example 2,Example 2,Example 2,Example 2,Example 2,Example 2,Example 2,Example 2
Example 2 - Initial Conditions,Example 2 - Initial Conditions,Example 2 - Initial Conditions,Example 2 - Initial Conditions,Example 2 - Initial Conditions,Example 2 - Initial Conditions,Example 2 - Initial Conditions,Example 2 - Initial Conditions,Example 2 - Initial Conditions,Example 2 - Initial Conditions,Example 2 - Initial Conditions,Example 2 - Initial Conditions,Example 2 - Initial Conditions,Example 2 - Initial Conditions,Example 2 - Initial Conditions,Example 2 - Initial Conditions,Example 2 - Initial Conditions
Stratification - None:,,Start Step,0,1,2,3,4,5,6,7,8,9,10,1,6,1
,,End Step,0,1,2,3,4,5,6,7,8,9,10,5,10,10
,,Rec Count,100,100,98,89,79,70,63,53,47,38,32,436,233,669
,,Dem. Count,100,100,98,89,79,70,63,53,47,38,32,100,63,100
,Healthy,Sum All,100.0,74.0,60.0,44.0,42.0,32.0,23.0,19.0,20.0,15.0,12.0,252.0,89.0,341.0
,Sick,Sum All,0.0,24.0,29.0,35.0,28.0,31.0,30.0,28.0,18.0,17.0,16.0,147.0,109.0,256.0
,Dead,Sum LOCF,0.0,2.0,11.0,21.0,30.0,37.0,47.0,53.0,62.0,68.0,72.0,37.0,72.0,72.0
