Example 2,Example 2,Example 2,Example 2,Example 2,Example 2,Example 2,Example 2,Example 2,Example 2,Example 2,Example 2,Example 2,Example 2,Example 2,Example 2,Example 2
Example 2,Example 2,Example 2,Example 2,Example 2,Example 2,Example 2,Example 2,Example 2,Example 2,Example 2,Example 2,Example 2,Example 2,Example 2,Example 2,Example 2
Example 2 - Initial Conditions,Example 2 - Initial Conditions,Example 2 - Initial Conditions,Example 2 - Initial Conditions,Example 2 - Initial Conditions,Example 2 - Initial Conditions,Example 2 - Initial Conditions,Example 2 - Initial Conditions,Example 2 - Initial Conditions,Example 2 - Initial Conditions,Example 2 - Initial Conditions,Example 2 - Initial Conditions,Example 2 - Initial Conditions,Example 2 - Initial Conditions,Example 2 - Initial Conditions,Example 2 - Initial Conditions,Example 2 - Initial Conditions
Stratification - None:,,Start Step,0,1,2,3,4,5,6,7,8,9,10,1,6,1
,,End Step,0,1,2,3,4,5,6,7,8,9,10,5,10,10
,,Rec Count,100,100,99,94,83,73,67,57,52,42,32,449,250,699
,,Dem. Count,100,100,99,94,83,73,67,57,52,42,32,100,67,100
,Healthy,Sum All,100.0,78.0,67.0,57.0,51.0,45.0,32.0,22.0,18.0,15.0,10.0,298.0,97.0,395.0
,Sick,Sum All,0.0,21.0,27.0,26.0,22.0,22.0,25.0,30.0,24.0,17.0,17.0,118.0,113.0,231.0
,Dead,Sum LOCF,0.0,1.0,6.0,17.0,27.0,33.0,43.0,48.0,58.0,68.0,73.0,33.0,73.0,73.0
