Example 1,Example 1,Example 1,Example 1,Example 1,Example 1,Example 1,Example 1,Example 1,Example 1,Example 1,Example 1,Example 1,Example 1,Example 1,Example 1,Example 1
Example 1,Example 1,Example 1,Example 1,Example 1,Example 1,Example 1,Example 1,Example 1,Example 1,Example 1,Example 1,Example 1,Example 1,Example 1,Example 1,Example 1
Example 1 - Initial Conditions,Example 1 - Initial Conditions,Example 1 - Initial Conditions,Example 1 - Initial Conditions,Example 1 - Initial Conditions,Example 1 - Initial Conditions,Example 1 - Initial Conditions,Example 1 - Initial Conditions,Example 1 - Initial Conditions,Example 1 - Initial Conditions,Example 1 - Initial Conditions,Example 1 - Initial Conditions,Example 1 - Initial Conditions,Example 1 - Initial Conditions,Example 1 - Initial Conditions,Example 1 - Initial Conditions,Example 1 - Initial Conditions
Stratification - None:,,Start Step,0,1,2,3,4,5,6,7,8,9,10,1,6,1
,,End Step,0,1,2,3,4,5,6,7,8,9,10,5,10,10
,,Rec Count,100,100,99,98,93,90,85,84,82,80,76,479,407,871
,,Dem. Count,100,100,99,98,93,90,85,84,82,80,76,100,85,100
,Alive,Sum All,100.0,99.0,98.0,93.0,90.0,85.0,84.0,82.0,80.0,76.0,73.0,463.0,395.0,842.0
,Dead,Sum LOCF,0.0,11.0,22.0,23.0,28.0,31.0,35.0,39.0,45.0,47.0,51.0,31.0,51.0,51.0
,Repetition count,,100,100,100,100,100,100,100,100,100,100,100,100,100,100
