Example 2,Example 2,Example 2,Example 2,Example 2,Example 2,Example 2,Example 2,Example 2,Example 2,Example 2,Example 2,Example 2,Example 2,Example 2,Example 2,Example 2
Example 2,Example 2,Example 2,Example 2,Example 2,Example 2,Example 2,Example 2,Example 2,Example 2,Example 2,Example 2,Example 2,Example 2,Example 2,Example 2,Example 2
Example 2 - Initial Conditions,Example 2 - Initial Conditions,Example 2 - Initial Conditions,Example 2 - Initial Conditions,Example 2 - Initial Conditions,Example 2 - Initial Conditions,Example 2 - Initial Conditions,Example 2 - Initial Conditions,Example 2 - Initial Conditions,Example 2 - Initial Conditions,Example 2 - Initial Conditions,Example 2 - Initial Conditions,Example 2 - Initial Conditions,Example 2 - Initial Conditions,Example 2 - Initial Conditions,Example 2 - Initial Conditions,Example 2 - Initial Conditions
Stratification - None:,,Start Step,0,1,2,3,4,5,6,7,8,9,10,1,6,1
,,End Step,0,1,2,3,4,5,6,7,8,9,10,5,10,10
,,Rec Count,100,100,99,94,87,78,66,56,49,43,38,458,252,710
,,Dem. Count,100,100,99,94,87,78,66,56,49,43,38,100,66,100
,Healthy,Sum All,100.0,80.0,65.0,57.0,45.0,33.0,28.0,26.0,24.0,17.0,18.0,280.0,113.0,393.0
,Sick,Sum All,0.0,19.0,29.0,30.0,33.0,33.0,28.0,23.0,19.0,21.0,11.0,144.0,102.0,246.0
,Dead,Sum LOCF,0.0,1.0,6.0,13.0,22.0,34.0,44.0,51.0,57.0,62.0,71.0,34.0,71.0,71.0
