Example 2,Example 2,Example 2,Example 2,Example 2,Example 2,Example 2,Example 2,Example 2,Example 2,Example 2,Example 2,Example 2,Example 2,Example 2,Example 2,Example 2
Example 2,Example 2,Example 2,Example 2,Example 2,Example 2,Example 2,Example 2,Example 2,Example 2,Example 2,Example 2,Example 2,Example 2,Example 2,Example 2,Example 2
Example 2 - Initial Conditions,Example 2 - Initial Conditions,Example 2 - Initial Conditions,Example 2 - Initial Conditions,Example 2 - Initial Conditions,Example 2 - Initial Conditions,Example 2 - Initial Conditions,Example 2 - Initial Conditions,Example 2 - Initial Conditions,Example 2 - Initial Conditions,Example 2 - Initial Conditions,Example 2 - Initial Conditions,Example 2 - Initial Conditions,Example 2 - Initial Conditions,Example 2 - Initial Conditions,Example 2 - Initial Conditions,Example 2 - Initial Conditions
Stratification - None:,,Start Step,0,1,2,3,4,5,6,7,8,9,10,1,6,1
,,End Step,0,1,2,3,4,5,6,7,8,9,10,5,10,10
,,Rec Count,100,100,98,92,82,71,58,55,50,44,36,443,243,686
,,Dem. Count,100,100,98,92,82,71,58,55,50,44,36,100,58,100
,Healthy,Sum All,100.0,75.0,54.0,46.0,42.0,41.0,36.0,30.0,23.0,19.0,17.0,258.0,125.0,383.0
,Sick,Sum All,0.0,23.0,38.0,36.0,29.0,17.0,19.0,20.0,21.0,17.0,13.0,143.0,90.0,233.0
,Dead,Sum LOCF,0.0,2.0,8.0,18.0,29.0,42.0,45.0,50.0,56.0,64.0,70.0,42.0,70.0,70.0
