Example 1,Example 1,Example 1,Example 1,Example 1,Example 1,Example 1,Example 1,Example 1,Example 1,Example 1,Example 1,Example 1,Example 1,Example 1,Example 1,Example 1
Example 1,Example 1,Example 1,Example 1,Example 1,Example 1,Example 1,Example 1,Example 1,Example 1,Example 1,Example 1,Example 1,Example 1,Example 1,Example 1,Example 1
Example 1 - Initial Conditions,Example 1 - Initial Conditions,Example 1 - Initial Conditions,Example 1 - Initial Conditions,Example 1 - Initial Conditions,Example 1 - Initial Conditions,Example 1 - Initial Conditions,Example 1 - Initial Conditions,Example 1 - Initial Conditions,Example 1 - Initial Conditions,Example 1 - Initial Conditions,Example 1 - Initial Conditions,Example 1 - Initial Conditions,Example 1 - Initial Conditions,Example 1 - Initial Conditions,Example 1 - Initial Conditions,Example 1 - Initial Conditions
Stratification - None:,,Start Step,0,1,2,3,4,5,6,7,8,9,10,1,6,1
,,End Step,0,1,2,3,4,5,6,7,8,9,10,5,10,10
,,Rec Count,0.0,0.0,2.0389143476791074,3.237345214895075,3.5802347420358922,3.5890405571979986,4.0182789421051464,4.2769171376144524,4.4253060157839181,4.5975839065511117,4.616658461867778,11.099053558704449,20.636035462170529,28.826362793789851
,,Dem. Count,0.0,0.0,2.0389143476791074,3.237345214895075,3.5802347420358922,3.5890405571979986,4.0182789421051464,4.2769171376144524,4.4253060157839181,4.5975839065511117,4.616658461867778,0.0,4.0182789421051464,0.0
,Alive,Sum All,0.0,2.0389143476791074,3.237345214895075,3.5802347420358922,3.5890405571979986,4.0182789421051464,4.2769171376144524,4.4253060157839181,4.5975839065511117,4.616658461867778,4.7085887568153666,14.311470288484751,21.305557201743579,32.556826775608364
,Dead,Sum LOCF,0.0,2.038914347679107,3.237345214895075,3.5802347420358922,3.5890405571979986,4.0182789421051472,4.2769171376144524,4.4253060157839181,4.5975839065511117,4.616658461867778,4.7085887568153666,4.0182789421051472,4.7085887568153666,4.7085887568153666
,Repetition count,,100,100,100,100,100,100,100,100,100,100,100,100,100,100
