Example 2,Example 2,Example 2,Example 2,Example 2,Example 2,Example 2,Example 2,Example 2,Example 2,Example 2,Example 2,Example 2,Example 2,Example 2,Example 2,Example 2
Example 2,Example 2,Example 2,Example 2,Example 2,Example 2,Example 2,Example 2,Example 2,Example 2,Example 2,Example 2,Example 2,Example 2,Example 2,Example 2,Example 2
Example 2 - Initial Conditions,Example 2 - Initial Conditions,Example 2 - Initial Conditions,Example 2 - Initial Conditions,Example 2 - Initial Conditions,Example 2 - Initial Conditions,Example 2 - Initial Conditions,Example 2 - Initial Conditions,Example 2 - Initial Conditions,Example 2 - Initial Conditions,Example 2 - Initial Conditions,Example 2 - Initial Conditions,Example 2 - Initial Conditions,Example 2 - Initial Conditions,Example 2 - Initial Conditions,Example 2 - Initial Conditions,Example 2 - Initial Conditions
Stratification - None:,,Start Step,0,1,2,3,4,5,6,7,8,9,10,1,6,1
,,End Step,0,1,2,3,4,5,6,7,8,9,10,5,10,10
,,Rec Count,100,100,99,89,85,76,70,61,49,44,37,449,261,710
,,Dem. Count,100,100,99,89,85,76,70,61,49,44,37,100,70,100
,Healthy,Sum All,100.0,76.0,65.0,53.0,46.0,39.0,35.0,29.0,26.0,23.0,19.0,279.0,132.0,411.0
,Sick,Sum All,0.0,23.0,24.0,32.0,30.0,31.0,26.0,20.0,18.0,14.0,13.0,140.0,91.0,231.0
,Dead,Sum LOCF,0.0,1.0,11.0,15.0,24.0,30.0,39.0,51.0,56.0,63.0,68.0,30.0,68.0,68.0
