Example 2,Example 2,Example 2,Example 2,Example 2,Example 2,Example 2,Example 2,Example 2,Example 2,Example 2,Example 2,Example 2,Example 2,Example 2,Example 2,Example 2
Example 2,Example 2,Example 2,Example 2,Example 2,Example 2,Example 2,Example 2,Example 2,Example 2,Example 2,Example 2,Example 2,Example 2,Example 2,Example 2,Example 2
Example 2 - Initial Conditions,Example 2 - Initial Conditions,Example 2 - Initial Conditions,Example 2 - Initial Conditions,Example 2 - Initial Conditions,Example 2 - Initial Conditions,Example 2 - Initial Conditions,Example 2 - Initial Conditions,Example 2 - Initial Conditions,Example 2 - Initial Conditions,Example 2 - Initial Conditions,Example 2 - Initial Conditions,Example 2 - Initial Conditions,Example 2 - Initial Conditions,Example 2 - Initial Conditions,Example 2 - Initial Conditions,Example 2 - Initial Conditions
Stratification - None:,,Start Step,0,1,2,3,4,5,6,7,8,9,10,1,6,1
,,End Step,0,1,2,3,4,5,6,7,8,9,10,5,10,10
,,Rec Count,100,100,100,96,91,81,70,61,50,47,40,468,268,736
,,Dem. Count,100,100,100,96,91,81,70,61,50,47,40,100,70,100
,Healthy,Sum All,100.0,83.0,61.0,52.0,44.0,34.0,32.0,28.0,24.0,22.0,18.0,274.0,124.0,398.0
,Sick,Sum All,0.0,17.0,35.0,39.0,37.0,36.0,29.0,22.0,23.0,18.0,17.0,164.0,109.0,273.0
,Dead,Sum LOCF,0.0,0.0,4.0,9.0,19.0,30.0,39.0,50.0,53.0,60.0,65.0,30.0,65.0,65.0
