Example 2,Example 2,Example 2,Example 2,Example 2,Example 2,Example 2,Example 2,Example 2,Example 2,Example 2,Example 2,Example 2,Example 2,Example 2,Example 2,Example 2
Example 2,Example 2,Example 2,Example 2,Example 2,Example 2,Example 2,Example 2,Example 2,Example 2,Example 2,Example 2,Example 2,Example 2,Example 2,Example 2,Example 2
Example 2 - Initial Conditions,Example 2 - Initial Conditions,Example 2 - Initial Conditions,Example 2 - Initial Conditions,Example 2 - Initial Conditions,Example 2 - Initial Conditions,Example 2 - Initial Conditions,Example 2 - Initial Conditions,Example 2 - Initial Conditions,Example 2 - Initial Conditions,Example 2 - Initial Conditions,Example 2 - Initial Conditions,Example 2 - Initial Conditions,Example 2 - Initial Conditions,Example 2 - Initial Conditions,Example 2 - Initial Conditions,Example 2 - Initial Conditions
Stratification - None:,,Start Step,0,1,2,3,4,5,6,7,8,9,10,1,6,1
,,End Step,0,1,2,3,4,5,6,7,8,9,10,5,10,10
,,Rec Count,100,100,99,95,86,81,69,59,50,46,39,461,263,724
,,Dem. Count,100,100,99,95,86,81,69,59,50,46,39,100,69,100
,Healthy,Sum All,100.0,77.0,67.0,59.0,49.0,39.0,36.0,32.0,28.0,22.0,16.0,291.0,134.0,425.0
,Sick,Sum All,0.0,22.0,28.0,27.0,32.0,30.0,23.0,18.0,18.0,17.0,17.0,139.0,93.0,232.0
,Dead,Sum LOCF,0.0,1.0,5.0,14.0,19.0,31.0,41.0,50.0,54.0,61.0,67.0,31.0,67.0,67.0
