Example 2,Example 2,Example 2,Example 2,Example 2,Example 2,Example 2,Example 2,Example 2,Example 2,Example 2,Example 2,Example 2,Example 2,Example 2,Example 2,Example 2
Example 2,Example 2,Example 2,Example 2,Example 2,Example 2,Example 2,Example 2,Example 2,Example 2,Example 2,Example 2,Example 2,Example 2,Example 2,Example 2,Example 2
Example 2 - Initial Conditions,Example 2 - Initial Conditions,Example 2 - Initial Conditions,Example 2 - Initial Conditions,Example 2 - Initial Conditions,Example 2 - Initial Conditions,Example 2 - Initial Conditions,Example 2 - Initial Conditions,Example 2 - Initial Conditions,Example 2 - Initial Conditions,Example 2 - Initial Conditions,Example 2 - Initial Conditions,Example 2 - Initial Conditions,Example 2 - Initial Conditions,Example 2 - Initial Conditions,Example 2 - Initial Conditions,Example 2 - Initial Conditions
Stratification - None:,,Start Step,0,1,2,3,4,5,6,7,8,9,10,1,6,1
,,End Step,0,1,2,3,4,5,6,7,8,9,10,5,10,10
,,Rec Count,100,100,99,93,82,73,62,55,50,48,41,447,256,703
,,Dem. Count,100,100,99,93,82,73,62,55,50,48,41,100,62,100
,Healthy,Sum All,100.0,79.0,54.0,47.0,39.0,33.0,30.0,33.0,32.0,26.0,22.0,252.0,143.0,395.0
,Sick,Sum All,0.0,20.0,39.0,35.0,34.0,29.0,25.0,17.0,16.0,15.0,16.0,157.0,89.0,246.0
,Dead,Sum LOCF,0.0,1.0,7.0,18.0,27.0,38.0,45.0,50.0,52.0,59.0,62.0,38.0,62.0,62.0
