Example 2,Example 2,Example 2,Example 2,Example 2,Example 2,Example 2,Example 2,Example 2,Example 2,Example 2,Example 2,Example 2,Example 2,Example 2,Example 2,Example 2
Example 2,Example 2,Example 2,Example 2,Example 2,Example 2,Example 2,Example 2,Example 2,Example 2,Example 2,Example 2,Example 2,Example 2,Example 2,Example 2,Example 2
Example 2 - Initial Conditions,Example 2 - Initial Conditions,Example 2 - Initial Conditions,Example 2 - Initial Conditions,Example 2 - Initial Conditions,Example 2 - Initial Conditions,Example 2 - Initial Conditions,Example 2 - Initial Conditions,Example 2 - Initial Conditions,Example 2 - Initial Conditions,Example 2 - Initial Conditions,Example 2 - Initial Conditions,Example 2 - Initial Conditions,Example 2 - Initial Conditions,Example 2 - Initial Conditions,Example 2 - Initial Conditions,Example 2 - Initial Conditions
Stratification - None:,,Start Step,0,1,2,3,4,5,6,7,8,9,10,1,6,1
,,End Step,0,1,2,3,4,5,6,7,8,9,10,5,10,10
,,Rec Count,100,100,98,89,84,73,63,51,46,38,30,444,228,672
,,Dem. Count,100,100,98,89,84,73,63,51,46,38,30,100,63,100
,Healthy,Sum All,100.0,77.0,62.0,51.0,47.0,36.0,30.0,26.0,16.0,13.0,10.0,273.0,95.0,368.0
,Sick,Sum All,0.0,21.0,27.0,33.0,26.0,27.0,21.0,20.0,22.0,17.0,19.0,134.0,99.0,233.0
,Dead,Sum LOCF,0.0,2.0,11.0,16.0,27.0,37.0,49.0,54.0,62.0,70.0,71.0,37.0,71.0,71.0
