Example 2,Example 2,Example 2,Example 2,Example 2,Example 2,Example 2,Example 2,Example 2,Example 2,Example 2,Example 2,Example 2,Example 2,Example 2,Example 2,Example 2
Example 2,Example 2,Example 2,Example 2,Example 2,Example 2,Example 2,Example 2,Example 2,Example 2,Example 2,Example 2,Example 2,Example 2,Example 2,Example 2,Example 2
Example 2 - Initial Conditions,Example 2 - Initial Conditions,Example 2 - Initial Conditions,Example 2 - Initial Conditions,Example 2 - Initial Conditions,Example 2 - Initial Conditions,Example 2 - Initial Conditions,Example 2 - Initial Conditions,Example 2 - Initial Conditions,Example 2 - Initial Conditions,Example 2 - Initial Conditions,Example 2 - Initial Conditions,Example 2 - Initial Conditions,Example 2 - Initial Conditions,Example 2 - Initial Conditions,Example 2 - Initial Conditions,Example 2 - Initial Conditions
Stratification - None:,,Start Step,0,1,2,3,4,5,6,7,8,9,10,1,6,1
,,End Step,0,1,2,3,4,5,6,7,8,9,10,5,10,10
,,Rec Count,100,100,100,91,83,78,71,58,46,45,41,452,261,713
,,Dem. Count,100,100,100,91,83,78,71,58,46,45,41,100,71,100
,Healthy,Sum All,100.0,78.0,70.0,59.0,49.0,41.0,37.0,33.0,30.0,25.0,22.0,297.0,147.0,444.0
,Sick,Sum All,0.0,22.0,21.0,24.0,29.0,30.0,21.0,13.0,15.0,16.0,14.0,126.0,79.0,205.0
,Dead,Sum LOCF,0.0,0.0,9.0,17.0,22.0,29.0,42.0,54.0,55.0,59.0,64.0,29.0,64.0,64.0
