Example 2,Example 2,Example 2,Example 2,Example 2,Example 2,Example 2,Example 2,Example 2,Example 2,Example 2,Example 2,Example 2,Example 2,Example 2,Example 2,Example 2
Example 2,Example 2,Example 2,Example 2,Example 2,Example 2,Example 2,Example 2,Example 2,Example 2,Example 2,Example 2,Example 2,Example 2,Example 2,Example 2,Example 2
Example 2 - Initial Conditions,Example 2 - Initial Conditions,Example 2 - Initial Conditions,Example 2 - Initial Conditions,Example 2 - Initial Conditions,Example 2 - Initial Conditions,Example 2 - Initial Conditions,Example 2 - Initial Conditions,Example 2 - Initial Conditions,Example 2 - Initial Conditions,Example 2 - Initial Conditions,Example 2 - Initial Conditions,Example 2 - Initial Conditions,Example 2 - Initial Conditions,Example 2 - Initial Conditions,Example 2 - Initial Conditions,Example 2 - Initial Conditions
Stratification - None:,,Start Step,0,1,2,3,4,5,6,7,8,9,10,1,6,1
,,End Step,0,1,2,3,4,5,6,7,8,9,10,5,10,10
,,Rec Count,100,100,99,90,77,68,63,57,51,44,37,434,252,686
,,Dem. Count,100,100,99,90,77,68,63,57,51,44,37,100,63,100
,Healthy,Sum All,100.0,74.0,57.0,48.0,46.0,42.0,35.0,28.0,20.0,16.0,15.0,267.0,114.0,381.0
,Sick,Sum All,0.0,25.0,33.0,29.0,22.0,21.0,22.0,23.0,24.0,21.0,19.0,130.0,109.0,239.0
,Dead,Sum LOCF,0.0,1.0,10.0,23.0,32.0,37.0,43.0,49.0,56.0,63.0,66.0,37.0,66.0,66.0
