Example 2,Example 2,Example 2,Example 2,Example 2,Example 2,Example 2,Example 2,Example 2,Example 2,Example 2,Example 2,Example 2,Example 2,Example 2,Example 2,Example 2
Example 2,Example 2,Example 2,Example 2,Example 2,Example 2,Example 2,Example 2,Example 2,Example 2,Example 2,Example 2,Example 2,Example 2,Example 2,Example 2,Example 2
Example 2 - Initial Conditions,Example 2 - Initial Conditions,Example 2 - Initial Conditions,Example 2 - Initial Conditions,Example 2 - Initial Conditions,Example 2 - Initial Conditions,Example 2 - Initial Conditions,Example 2 - Initial Conditions,Example 2 - Initial Conditions,Example 2 - Initial Conditions,Example 2 - Initial Conditions,Example 2 - Initial Conditions,Example 2 - Initial Conditions,Example 2 - Initial Conditions,Example 2 - Initial Conditions,Example 2 - Initial Conditions,Example 2 - Initial Conditions
Stratification - None:,,Start Step,0,1,2,3,4,5,6,7,8,9,10,1,6,1
,,End Step,0,1,2,3,4,5,6,7,8,9,10,5,10,10
,,Rec Count,100,100,99,97,91,82,72,58,52,48,42,469,272,741
,,Dem. Count,100,100,99,97,91,82,72,58,52,48,42,100,72,100
,Healthy,Sum All,100.0,84.0,75.0,60.0,48.0,38.0,37.0,33.0,28.0,21.0,22.0,305.0,141.0,446.0
,Sick,Sum All,0.0,15.0,22.0,31.0,34.0,34.0,21.0,19.0,20.0,21.0,13.0,136.0,94.0,230.0
,Dead,Sum LOCF,0.0,1.0,3.0,9.0,18.0,28.0,42.0,48.0,52.0,58.0,65.0,28.0,65.0,65.0
