Example 2,Example 2,Example 2,Example 2,Example 2,Example 2,Example 2,Example 2,Example 2,Example 2,Example 2,Example 2,Example 2,Example 2,Example 2,Example 2,Example 2
Example 2,Example 2,Example 2,Example 2,Example 2,Example 2,Example 2,Example 2,Example 2,Example 2,Example 2,Example 2,Example 2,Example 2,Example 2,Example 2,Example 2
Example 2 - Initial Conditions,Example 2 - Initial Conditions,Example 2 - Initial Conditions,Example 2 - Initial Conditions,Example 2 - Initial Conditions,Example 2 - Initial Conditions,Example 2 - Initial Conditions,Example 2 - Initial Conditions,Example 2 - Initial Conditions,Example 2 - Initial Conditions,Example 2 - Initial Conditions,Example 2 - Initial Conditions,Example 2 - Initial Conditions,Example 2 - Initial Conditions,Example 2 - Initial Conditions,Example 2 - Initial Conditions,Example 2 - Initial Conditions
Stratification - None:,,Start Step,0,1,2,3,4,5,6,7,8,9,10,1,6,1
,,End Step,0,1,2,3,4,5,6,7,8,9,10,5,10,10
,,Rec Count,100,100,97,90,78,63,54,47,44,40,38,428,223,651
,,Dem. Count,100,100,97,90,78,63,54,47,44,40,38,100,54,100
,Healthy,Sum All,100.0,73.0,57.0,42.0,38.0,33.0,30.0,31.0,24.0,18.0,12.0,243.0,115.0,358.0
,Sick,Sum All,0.0,24.0,33.0,36.0,25.0,21.0,17.0,13.0,16.0,20.0,18.0,139.0,84.0,223.0
,Dead,Sum LOCF,0.0,3.0,10.0,22.0,37.0,46.0,53.0,56.0,60.0,62.0,70.0,46.0,70.0,70.0
