Example 2,Example 2,Example 2,Example 2,Example 2,Example 2,Example 2,Example 2,Example 2,Example 2,Example 2,Example 2,Example 2,Example 2,Example 2,Example 2,Example 2
Example 2,Example 2,Example 2,Example 2,Example 2,Example 2,Example 2,Example 2,Example 2,Example 2,Example 2,Example 2,Example 2,Example 2,Example 2,Example 2,Example 2
Example 2 - Initial Conditions,Example 2 - Initial Conditions,Example 2 - Initial Conditions,Example 2 - Initial Conditions,Example 2 - Initial Conditions,Example 2 - Initial Conditions,Example 2 - Initial Conditions,Example 2 - Initial Conditions,Example 2 - Initial Conditions,Example 2 - Initial Conditions,Example 2 - Initial Conditions,Example 2 - Initial Conditions,Example 2 - Initial Conditions,Example 2 - Initial Conditions,Example 2 - Initial Conditions,Example 2 - Initial Conditions,Example 2 - Initial Conditions
Stratification - None:,,Start Step,0,1,2,3,4,5,6,7,8,9,10,1,6,1
,,End Step,0,1,2,3,4,5,6,7,8,9,10,5,10,10
,,Rec Count,100,100,100,89,81,71,63,57,48,40,34,441,242,683
,,Dem. Count,100,100,100,89,81,71,63,57,48,40,34,100,63,100
,Healthy,Sum All,100.0,82.0,61.0,49.0,39.0,33.0,33.0,28.0,26.0,20.0,14.0,264.0,121.0,385.0
,Sick,Sum All,0.0,18.0,28.0,32.0,32.0,30.0,24.0,20.0,14.0,14.0,15.0,140.0,87.0,227.0
,Dead,Sum LOCF,0.0,0.0,11.0,19.0,29.0,37.0,43.0,52.0,60.0,66.0,71.0,37.0,71.0,71.0
