Example 2,Example 2,Example 2,Example 2,Example 2,Example 2,Example 2,Example 2,Example 2,Example 2,Example 2,Example 2,Example 2,Example 2,Example 2,Example 2,Example 2
Example 2,Example 2,Example 2,Example 2,Example 2,Example 2,Example 2,Example 2,Example 2,Example 2,Example 2,Example 2,Example 2,Example 2,Example 2,Example 2,Example 2
Example 2 - Initial Conditions,Example 2 - Initial Conditions,Example 2 - Initial Conditions,Example 2 - Initial Conditions,Example 2 - Initial Conditions,Example 2 - Initial Conditions,Example 2 - Initial Conditions,Example 2 - Initial Conditions,Example 2 - Initial Conditions,Example 2 - Initial Conditions,Example 2 - Initial Conditions,Example 2 - Initial Conditions,Example 2 - Initial Conditions,Example 2 - Initial Conditions,Example 2 - Initial Conditions,Example 2 - Initial Conditions,Example 2 - Initial Conditions
Stratification - None:,,Start Step,0,1,2,3,4,5,6,7,8,9,10,1,6,1
,,End Step,0,1,2,3,4,5,6,7,8,9,10,5,10,10
,,Rec Count,100,100,98,92,84,75,66,56,47,40,36,449,245,694
,,Dem. Count,100,100,98,92,84,75,66,56,47,40,36,100,66,100
,Healthy,Sum All,100.0,83.0,68.0,57.0,51.0,39.0,31.0,23.0,22.0,19.0,17.0,298.0,112.0,410.0
,Sick,Sum All,0.0,15.0,24.0,27.0,24.0,27.0,25.0,24.0,18.0,17.0,13.0,117.0,97.0,214.0
,Dead,Sum LOCF,0.0,2.0,8.0,16.0,25.0,34.0,44.0,53.0,60.0,64.0,70.0,34.0,70.0,70.0
