Example 2,Example 2,Example 2,Example 2,Example 2,Example 2,Example 2,Example 2,Example 2,Example 2,Example 2,Example 2,Example 2,Example 2,Example 2,Example 2,Example 2
Example 2,Example 2,Example 2,Example 2,Example 2,Example 2,Example 2,Example 2,Example 2,Example 2,Example 2,Example 2,Example 2,Example 2,Example 2,Example 2,Example 2
Example 2 - Initial Conditions,Example 2 - Initial Conditions,Example 2 - Initial Conditions,Example 2 - Initial Conditions,Example 2 - Initial Conditions,Example 2 - Initial Conditions,Example 2 - Initial Conditions,Example 2 - Initial Conditions,Example 2 - Initial Conditions,Example 2 - Initial Conditions,Example 2 - Initial Conditions,Example 2 - Initial Conditions,Example 2 - Initial Conditions,Example 2 - Initial Conditions,Example 2 - Initial Conditions,Example 2 - Initial Conditions,Example 2 - Initial Conditions
Stratification - None:,,Start Step,0,1,2,3,4,5,6,7,8,9,10,1,6,1
,,End Step,0,1,2,3,4,5,6,7,8,9,10,5,10,10
,,Rec Count,100,100,99,89,78,68,59,51,48,42,35,434,235,669
,,Dem. Count,100,100,99,89,78,68,59,51,48,42,35,100,59,100
,Healthy,Sum All,100.0,77.0,57.0,50.0,44.0,34.0,31.0,25.0,22.0,16.0,15.0,262.0,109.0,371.0
,Sick,Sum All,0.0,22.0,32.0,28.0,24.0,25.0,20.0,23.0,20.0,19.0,12.0,131.0,94.0,225.0
,Dead,Sum LOCF,0.0,1.0,11.0,22.0,32.0,41.0,49.0,52.0,58.0,65.0,73.0,41.0,73.0,73.0
