Example 2,Example 2,Example 2,Example 2,Example 2,Example 2,Example 2,Example 2,Example 2,Example 2,Example 2,Example 2,Example 2,Example 2,Example 2,Example 2,Example 2
Example 2,Example 2,Example 2,Example 2,Example 2,Example 2,Example 2,Example 2,Example 2,Example 2,Example 2,Example 2,Example 2,Example 2,Example 2,Example 2,Example 2
Example 2 - Initial Conditions,Example 2 - Initial Conditions,Example 2 - Initial Conditions,Example 2 - Initial Conditions,Example 2 - Initial Conditions,Example 2 - Initial Conditions,Example 2 - Initial Conditions,Example 2 - Initial Conditions,Example 2 - Initial Conditions,Example 2 - Initial Conditions,Example 2 - Initial Conditions,Example 2 - Initial Conditions,Example 2 - Initial Conditions,Example 2 - Initial Conditions,Example 2 - Initial Conditions,Example 2 - Initial Conditions,Example 2 - Initial Conditions
Stratification - None:,,Start Step,0,1,2,3,4,5,6,7,8,9,10,1,6,1
,,End Step,0,1,2,3,4,5,6,7,8,9,10,5,10,10
,,Rec Count,100,100,99,94,88,81,68,60,48,44,39,462,259,721
,,Dem. Count,100,100,99,94,88,81,68,60,48,44,39,100,68,100
,Healthy,Sum All,100.0,83.0,69.0,58.0,54.0,43.0,35.0,30.0,28.0,24.0,22.0,307.0,139.0,446.0
,Sick,Sum All,0.0,16.0,25.0,30.0,27.0,25.0,25.0,18.0,16.0,15.0,9.0,123.0,83.0,206.0
,Dead,Sum LOCF,0.0,1.0,6.0,12.0,19.0,32.0,40.0,52.0,56.0,61.0,69.0,32.0,69.0,69.0
