Example 2,Example 2,Example 2,Example 2,Example 2,Example 2,Example 2,Example 2,Example 2,Example 2,Example 2,Example 2,Example 2,Example 2,Example 2,Example 2,Example 2
Example 2,Example 2,Example 2,Example 2,Example 2,Example 2,Example 2,Example 2,Example 2,Example 2,Example 2,Example 2,Example 2,Example 2,Example 2,Example 2,Example 2
Example 2 - Initial Conditions,Example 2 - Initial Conditions,Example 2 - Initial Conditions,Example 2 - Initial Conditions,Example 2 - Initial Conditions,Example 2 - Initial Conditions,Example 2 - Initial Conditions,Example 2 - Initial Conditions,Example 2 - Initial Conditions,Example 2 - Initial Conditions,Example 2 - Initial Conditions,Example 2 - Initial Conditions,Example 2 - Initial Conditions,Example 2 - Initial Conditions,Example 2 - Initial Conditions,Example 2 - Initial Conditions,Example 2 - Initial Conditions
Stratification - None:,,Start Step,0,1,2,3,4,5,6,7,8,9,10,1,6,1
,,End Step,0,1,2,3,4,5,6,7,8,9,10,5,10,10
,,Rec Count,100,100,98,91,87,78,68,58,48,42,39,454,255,709
,,Dem. Count,100,100,98,91,87,78,68,58,48,42,39,100,68,100
,Healthy,Sum All,100.0,74.0,70.0,61.0,51.0,37.0,33.0,34.0,27.0,24.0,21.0,293.0,139.0,432.0
,Sick,Sum All,0.0,24.0,21.0,26.0,27.0,31.0,25.0,14.0,15.0,15.0,14.0,129.0,83.0,212.0
,Dead,Sum LOCF,0.0,2.0,9.0,13.0,22.0,32.0,42.0,52.0,58.0,61.0,65.0,32.0,65.0,65.0
