Example 2,Example 2,Example 2,Example 2,Example 2,Example 2,Example 2,Example 2,Example 2,Example 2,Example 2,Example 2,Example 2,Example 2,Example 2,Example 2,Example 2
Example 2,Example 2,Example 2,Example 2,Example 2,Example 2,Example 2,Example 2,Example 2,Example 2,Example 2,Example 2,Example 2,Example 2,Example 2,Example 2,Example 2
Example 2 - Initial Conditions,Example 2 - Initial Conditions,Example 2 - Initial Conditions,Example 2 - Initial Conditions,Example 2 - Initial Conditions,Example 2 - Initial Conditions,Example 2 - Initial Conditions,Example 2 - Initial Conditions,Example 2 - Initial Conditions,Example 2 - Initial Conditions,Example 2 - Initial Conditions,Example 2 - Initial Conditions,Example 2 - Initial Conditions,Example 2 - Initial Conditions,Example 2 - Initial Conditions,Example 2 - Initial Conditions,Example 2 - Initial Conditions
Stratification - None:,,Start Step,0,1,2,3,4,5,6,7,8,9,10,1,6,1
,,End Step,0,1,2,3,4,5,6,7,8,9,10,5,10,10
,,Rec Count,100,100,98,91,80,73,66,56,48,41,38,442,249,691
,,Dem. Count,100,100,98,91,80,73,66,56,48,41,38,100,66,100
,Healthy,Sum All,100.0,77.0,67.0,57.0,47.0,40.0,30.0,27.0,23.0,20.0,14.0,288.0,114.0,402.0
,Sick,Sum All,0.0,21.0,24.0,23.0,26.0,26.0,26.0,21.0,18.0,18.0,17.0,120.0,100.0,220.0
,Dead,Sum LOCF,0.0,2.0,9.0,20.0,27.0,34.0,44.0,52.0,59.0,62.0,69.0,34.0,69.0,69.0
