Example 2,Example 2,Example 2,Example 2,Example 2,Example 2,Example 2,Example 2,Example 2,Example 2,Example 2,Example 2,Example 2,Example 2,Example 2,Example 2,Example 2
Example 2,Example 2,Example 2,Example 2,Example 2,Example 2,Example 2,Example 2,Example 2,Example 2,Example 2,Example 2,Example 2,Example 2,Example 2,Example 2,Example 2
Example 2 - Initial Conditions,Example 2 - Initial Conditions,Example 2 - Initial Conditions,Example 2 - Initial Conditions,Example 2 - Initial Conditions,Example 2 - Initial Conditions,Example 2 - Initial Conditions,Example 2 - Initial Conditions,Example 2 - Initial Conditions,Example 2 - Initial Conditions,Example 2 - Initial Conditions,Example 2 - Initial Conditions,Example 2 - Initial Conditions,Example 2 - Initial Conditions,Example 2 - Initial Conditions,Example 2 - Initial Conditions,Example 2 - Initial Conditions
Stratification - None:,,Start Step,0,1,2,3,4,5,6,7,8,9,10,1,6,1
,,End Step,0,1,2,3,4,5,6,7,8,9,10,5,10,10
,,Rec Count,100,100,99,87,81,73,64,57,46,38,34,440,239,679
,,Dem. Count,100,100,99,87,81,73,64,57,46,38,34,100,64,100
,Healthy,Sum All,100.0,81.0,69.0,55.0,51.0,43.0,33.0,29.0,27.0,24.0,16.0,299.0,129.0,428.0
,Sick,Sum All,0.0,18.0,18.0,26.0,22.0,21.0,24.0,17.0,11.0,10.0,14.0,105.0,76.0,181.0
,Dead,Sum LOCF,0.0,1.0,13.0,19.0,27.0,36.0,43.0,54.0,62.0,66.0,70.0,36.0,70.0,70.0
