Example 2,Example 2,Example 2,Example 2,Example 2,Example 2,Example 2,Example 2,Example 2,Example 2,Example 2,Example 2,Example 2,Example 2,Example 2,Example 2,Example 2
Example 2,Example 2,Example 2,Example 2,Example 2,Example 2,Example 2,Example 2,Example 2,Example 2,Example 2,Example 2,Example 2,Example 2,Example 2,Example 2,Example 2
Example 2 - Initial Conditions,Example 2 - Initial Conditions,Example 2 - Initial Conditions,Example 2 - Initial Conditions,Example 2 - Initial Conditions,Example 2 - Initial Conditions,Example 2 - Initial Conditions,Example 2 - Initial Conditions,Example 2 - Initial Conditions,Example 2 - Initial Conditions,Example 2 - Initial Conditions,Example 2 - Initial Conditions,Example 2 - Initial Conditions,Example 2 - Initial Conditions,Example 2 - Initial Conditions,Example 2 - Initial Conditions,Example 2 - Initial Conditions
Stratification - None:,,Start Step,0,1,2,3,4,5,6,7,8,9,10,1,6,1
,,End Step,0,1,2,3,4,5,6,7,8,9,10,5,10,10
,,Rec Count,100,100,99,94,85,76,68,62,52,43,31,454,256,710
,,Dem. Count,100,100,99,94,85,76,68,62,52,43,31,100,68,100
,Healthy,Sum All,100.0,82.0,67.0,57.0,51.0,43.0,36.0,29.0,21.0,15.0,12.0,300.0,113.0,413.0
,Sick,Sum All,0.0,17.0,27.0,28.0,25.0,25.0,26.0,23.0,22.0,16.0,12.0,122.0,99.0,221.0
,Dead,Sum LOCF,0.0,1.0,6.0,15.0,24.0,32.0,38.0,48.0,57.0,69.0,76.0,32.0,76.0,76.0
