Example 2,Example 2,Example 2,Example 2,Example 2,Example 2,Example 2,Example 2,Example 2,Example 2,Example 2,Example 2,Example 2,Example 2,Example 2,Example 2,Example 2
Example 2,Example 2,Example 2,Example 2,Example 2,Example 2,Example 2,Example 2,Example 2,Example 2,Example 2,Example 2,Example 2,Example 2,Example 2,Example 2,Example 2
Example 2 - Initial Conditions,Example 2 - Initial Conditions,Example 2 - Initial Conditions,Example 2 - Initial Conditions,Example 2 - Initial Conditions,Example 2 - Initial Conditions,Example 2 - Initial Conditions,Example 2 - Initial Conditions,Example 2 - Initial Conditions,Example 2 - Initial Conditions,Example 2 - Initial Conditions,Example 2 - Initial Conditions,Example 2 - Initial Conditions,Example 2 - Initial Conditions,Example 2 - Initial Conditions,Example 2 - Initial Conditions,Example 2 - Initial Conditions
Stratification - None:,,Start Step,0,1,2,3,4,5,6,7,8,9,10,1,6,1
,,End Step,0,1,2,3,4,5,6,7,8,9,10,5,10,10
,,Rec Count,100,100,100,94,88,78,63,56,50,40,37,460,246,706
,,Dem. Count,100,100,100,94,88,78,63,56,50,40,37,100,63,100
,Healthy,Sum All,100.0,76.0,62.0,51.0,41.0,36.0,31.0,27.0,26.0,23.0,20.0,266.0,127.0,393.0
,Sick,Sum All,0.0,24.0,32.0,37.0,37.0,27.0,25.0,23.0,14.0,14.0,14.0,157.0,90.0,247.0
,Dead,Sum LOCF,0.0,0.0,6.0,12.0,22.0,37.0,44.0,50.0,60.0,63.0,66.0,37.0,66.0,66.0
