Example 1,Example 1,Example 1,Example 1,Example 1,Example 1,Example 1,Example 1,Example 1,Example 1,Example 1,Example 1,Example 1,Example 1,Example 1,Example 1,Example 1
Example 1,Example 1,Example 1,Example 1,Example 1,Example 1,Example 1,Example 1,Example 1,Example 1,Example 1,Example 1,Example 1,Example 1,Example 1,Example 1,Example 1
Example 1 - Initial Conditions,Example 1 - Initial Conditions,Example 1 - Initial Conditions,Example 1 - Initial Conditions,Example 1 - Initial Conditions,Example 1 - Initial Conditions,Example 1 - Initial Conditions,Example 1 - Initial Conditions,Example 1 - Initial Conditions,Example 1 - Initial Conditions,Example 1 - Initial Conditions,Example 1 - Initial Conditions,Example 1 - Initial Conditions,Example 1 - Initial Conditions,Example 1 - Initial Conditions,Example 1 - Initial Conditions,Example 1 - Initial Conditions
Stratification - None:,,Start Step,0,1,2,3,4,5,6,7,8,9,10,1,6,1
,,End Step,0,1,2,3,4,5,6,7,8,9,10,5,10,10
,,Rec Count,100.0,100.0,96.0,91.0,86.0,82.0,77.0,73.5,70.0,66.0,63.0,454.0,348.5,803.0
,,Dem. Count,100.0,100.0,96.0,91.0,86.0,82.0,77.0,73.5,70.0,66.0,63.0,100.0,77.0,100.0
,Alive,Sum All,100.0,96.0,91.0,86.0,82.0,77.0,73.5,70.0,66.0,63.0,59.0,431.0,333.0,762.0
,Dead,Sum LOCF,0.0,4.0,9.0,14.0,18.0,23.0,26.5,30.0,34.0,37.0,41.0,23.0,41.0,41.0
,Repetition count,,100,100,100,100,100,100,100,100,100,100,100,100,100,100
