Example 2,Example 2,Example 2,Example 2,Example 2,Example 2,Example 2,Example 2,Example 2,Example 2,Example 2,Example 2,Example 2,Example 2,Example 2,Example 2,Example 2
Example 2,Example 2,Example 2,Example 2,Example 2,Example 2,Example 2,Example 2,Example 2,Example 2,Example 2,Example 2,Example 2,Example 2,Example 2,Example 2,Example 2
Example 2 - Initial Conditions,Example 2 - Initial Conditions,Example 2 - Initial Conditions,Example 2 - Initial Conditions,Example 2 - Initial Conditions,Example 2 - Initial Conditions,Example 2 - Initial Conditions,Example 2 - Initial Conditions,Example 2 - Initial Conditions,Example 2 - Initial Conditions,Example 2 - Initial Conditions,Example 2 - Initial Conditions,Example 2 - Initial Conditions,Example 2 - Initial Conditions,Example 2 - Initial Conditions,Example 2 - Initial Conditions,Example 2 - Initial Conditions
Stratification - None:,,Start Step,0,1,2,3,4,5,6,7,8,9,10,1,6,1
,,End Step,0,1,2,3,4,5,6,7,8,9,10,5,10,10
,,Rec Count,100,100,99,94,86,76,68,55,47,40,35,455,245,700
,,Dem. Count,100,100,99,94,86,76,68,55,47,40,35,100,68,100
,Healthy,Sum All,100.0,79.0,67.0,55.0,50.0,42.0,30.0,28.0,27.0,23.0,20.0,293.0,128.0,421.0
,Sick,Sum All,0.0,20.0,27.0,31.0,26.0,26.0,25.0,19.0,13.0,12.0,10.0,130.0,79.0,209.0
,Dead,Sum LOCF,0.0,1.0,6.0,14.0,24.0,32.0,45.0,53.0,60.0,65.0,70.0,32.0,70.0,70.0
