Example 2,Example 2,Example 2,Example 2,Example 2,Example 2,Example 2,Example 2,Example 2,Example 2,Example 2,Example 2,Example 2,Example 2,Example 2,Example 2,Example 2
Example 2,Example 2,Example 2,Example 2,Example 2,Example 2,Example 2,Example 2,Example 2,Example 2,Example 2,Example 2,Example 2,Example 2,Example 2,Example 2,Example 2
Example 2 - Initial Conditions,Example 2 - Initial Conditions,Example 2 - Initial Conditions,Example 2 - Initial Conditions,Example 2 - Initial Conditions,Example 2 - Initial Conditions,Example 2 - Initial Conditions,Example 2 - Initial Conditions,Example 2 - Initial Conditions,Example 2 - Initial Conditions,Example 2 - Initial Conditions,Example 2 - Initial Conditions,Example 2 - Initial Conditions,Example 2 - Initial Conditions,Example 2 - Initial Conditions,Example 2 - Initial Conditions,Example 2 - Initial Conditions
Stratification - None:,,Start Step,0,1,2,3,4,5,6,7,8,9,10,1,6,1
,,End Step,0,1,2,3,4,5,6,7,8,9,10,5,10,10
,,Rec Count,100,100,99,93,84,75,67,59,53,48,43,451,270,721
,,Dem. Count,100,100,99,93,84,75,67,59,53,48,43,100,67,100
,Healthy,Sum All,100.0,83.0,70.0,53.0,35.0,37.0,29.0,30.0,23.0,18.0,17.0,278.0,117.0,395.0
,Sick,Sum All,0.0,16.0,23.0,31.0,40.0,30.0,30.0,23.0,25.0,25.0,19.0,140.0,122.0,262.0
,Dead,Sum LOCF,0.0,1.0,7.0,16.0,25.0,33.0,41.0,47.0,52.0,57.0,64.0,33.0,64.0,64.0
