Example 2,Example 2,Example 2,Example 2,Example 2,Example 2,Example 2,Example 2,Example 2,Example 2,Example 2,Example 2,Example 2,Example 2,Example 2,Example 2,Example 2
Example 2,Example 2,Example 2,Example 2,Example 2,Example 2,Example 2,Example 2,Example 2,Example 2,Example 2,Example 2,Example 2,Example 2,Example 2,Example 2,Example 2
Example 2 - Initial Conditions,Example 2 - Initial Conditions,Example 2 - Initial Conditions,Example 2 - Initial Conditions,Example 2 - Initial Conditions,Example 2 - Initial Conditions,Example 2 - Initial Conditions,Example 2 - Initial Conditions,Example 2 - Initial Conditions,Example 2 - Initial Conditions,Example 2 - Initial Conditions,Example 2 - Initial Conditions,Example 2 - Initial Conditions,Example 2 - Initial Conditions,Example 2 - Initial Conditions,Example 2 - Initial Conditions,Example 2 - Initial Conditions
Stratification - None:,,Start Step,0,1,2,3,4,5,6,7,8,9,10,1,6,1
,,End Step,0,1,2,3,4,5,6,7,8,9,10,5,10,10
,,Rec Count,100.0,100.0,98.879999999999995,92.239999999999995,83.030000000000001,73.689999999999998,64.849999999999994,56.130000000000003,48.880000000000003,42.600000000000001,37.060000000000002,447.83999999999997,249.52000000000001,697.36000000000001
,,Dem. Count,100.0,100.0,98.879999999999995,92.239999999999995,83.030000000000001,73.689999999999998,64.849999999999994,56.130000000000003,48.880000000000003,42.600000000000001,37.060000000000002,100.0,64.849999999999994,100.0
,Healthy,Sum All,100.0,78.599999999999994,64.230000000000004,53.619999999999997,45.509999999999998,38.280000000000001,33.079999999999998,29.09,25.25,21.77,18.609999999999999,280.24000000000001,127.8,408.04000000000002
,Sick,Sum All,0.0,20.280000000000001,28.010000000000002,29.41,28.18,26.57,23.050000000000001,19.789999999999999,17.350000000000001,15.289999999999999,13.52,132.44999999999999,89.0,221.44999999999999
,Dead,Sum LOCF,0.0,1.1200000000000001,7.7599999999999998,16.969999999999999,26.309999999999999,35.149999999999999,43.869999999999997,51.119999999999997,57.399999999999999,62.939999999999998,67.870000000000005,35.149999999999999,67.870000000000005,67.870000000000005
,Repetition count,,100,100,100,100,100,100,100,100,100,100,100,100,100,100
