Example 2,Example 2,Example 2,Example 2,Example 2,Example 2,Example 2,Example 2,Example 2,Example 2,Example 2,Example 2,Example 2,Example 2,Example 2,Example 2,Example 2
Example 2,Example 2,Example 2,Example 2,Example 2,Example 2,Example 2,Example 2,Example 2,Example 2,Example 2,Example 2,Example 2,Example 2,Example 2,Example 2,Example 2
Example 2 - Initial Conditions,Example 2 - Initial Conditions,Example 2 - Initial Conditions,Example 2 - Initial Conditions,Example 2 - Initial Conditions,Example 2 - Initial Conditions,Example 2 - Initial Conditions,Example 2 - Initial Conditions,Example 2 - Initial Conditions,Example 2 - Initial Conditions,Example 2 - Initial Conditions,Example 2 - Initial Conditions,Example 2 - Initial Conditions,Example 2 - Initial Conditions,Example 2 - Initial Conditions,Example 2 - Initial Conditions,Example 2 - Initial Conditions
Stratification - None:,,Start Step,0,1,2,3,4,5,6,7,8,9,10,1,6,1
,,End Step,0,1,2,3,4,5,6,7,8,9,10,5,10,10
,,Rec Count,0.0,0.0,0.69920589878010109,2.3118054512532935,4.9170903772228725,4.9899899799498595,5.2164270445498531,3.4785054261852171,4.5655716448703823,4.3512450325548588,3.4140233677518315,12.245634142646741,19.236828105370062,30.346334210246876
,,Dem. Count,0.0,0.0,0.69920589878010109,2.3118054512532935,4.9170903772228725,4.9899899799498595,5.2164270445498531,3.4785054261852171,4.5655716448703823,4.3512450325548588,3.4140233677518315,0.0,5.2164270445498531,0.0
,Healthy,Sum All,0.0,4.1912607490666414,7.1094616142464995,6.022181221672648,5.7965506984757749,4.5227818381561979,2.9059326290271157,2.9832867780352594,4.1109609582188931,4.962078417580905,4.3767060165786278,22.887405561429048,17.563851766878724,37.447593009727903
,Sick,Sum All,0.0,3.8137179293236207,6.0699624747146865,5.0288059108389627,4.7714428286071566,5.4201270997807587,1.5951314818673865,2.4152294576982398,4.2282121254470875,4.2176876234364356,2.3664319132398464,15.77762128247897,10.254538290706002,22.206105266595291
,Dead,Sum LOCF,0.0,0.69920589878010109,2.3118054512532935,4.9170903772228733,4.9899899799498595,5.2164270445498531,3.4785054261852171,4.5655716448703823,4.3512450325548588,3.4140233677518315,4.0221608343995614,5.2164270445498531,4.0221608343995614,4.0221608343995614
,Repetition count,,10,10,10,10,10,10,10,10,10,10,10,10,10,10
