Example 2,Example 2,Example 2,Example 2,Example 2,Example 2,Example 2,Example 2,Example 2,Example 2,Example 2,Example 2,Example 2,Example 2,Example 2,Example 2,Example 2
Example 2,Example 2,Example 2,Example 2,Example 2,Example 2,Example 2,Example 2,Example 2,Example 2,Example 2,Example 2,Example 2,Example 2,Example 2,Example 2,Example 2
Example 2 - Initial Conditions,Example 2 - Initial Conditions,Example 2 - Initial Conditions,Example 2 - Initial Conditions,Example 2 - Initial Conditions,Example 2 - Initial Conditions,Example 2 - Initial Conditions,Example 2 - Initial Conditions,Example 2 - Initial Conditions,Example 2 - Initial Conditions,Example 2 - Initial Conditions,Example 2 - Initial Conditions,Example 2 - Initial Conditions,Example 2 - Initial Conditions,Example 2 - Initial Conditions,Example 2 - Initial Conditions,Example 2 - Initial Conditions
Stratification - None:,,Start Step,0,1,2,3,4,5,6,7,8,9,10,1,6,1
,,End Step,0,1,2,3,4,5,6,7,8,9,10,5,10,10
,,Rec Count,100,100,96,85,76,63,50,41,34,30,26,428,181,609
,,Dem. Count,100,100,96,85,76,63,50,41,34,30,26,100,50,100
,Healthy,Sum All,100.0,63.0,54.0,42.0,33.0,30.0,23.0,19.0,16.0,13.0,10.0,233.0,86.0,333.0
,Sick,Sum All,0.0,10.0,17.0,21.0,19.0,17.0,15.0,9.0,9.0,8.0,6.0,105.0,58.0,172.0
,Dead,Sum LOCF,0.0,0.0,1.0,9.0,17.0,24.0,36.0,40.0,47.0,53.0,54.0,24.0,54.0,54.0
,Repetition count,,100,100,100,100,100,100,100,100,100,100,100,100,100,100
