Example 2,Example 2,Example 2,Example 2,Example 2,Example 2,Example 2,Example 2,Example 2,Example 2,Example 2,Example 2,Example 2,Example 2,Example 2,Example 2,Example 2
Example 2,Example 2,Example 2,Example 2,Example 2,Example 2,Example 2,Example 2,Example 2,Example 2,Example 2,Example 2,Example 2,Example 2,Example 2,Example 2,Example 2
Example 2 - Initial Conditions,Example 2 - Initial Conditions,Example 2 - Initial Conditions,Example 2 - Initial Conditions,Example 2 - Initial Conditions,Example 2 - Initial Conditions,Example 2 - Initial Conditions,Example 2 - Initial Conditions,Example 2 - Initial Conditions,Example 2 - Initial Conditions,Example 2 - Initial Conditions,Example 2 - Initial Conditions,Example 2 - Initial Conditions,Example 2 - Initial Conditions,Example 2 - Initial Conditions,Example 2 - Initial Conditions,Example 2 - Initial Conditions
Stratification - None:,,Start Step,0,1,2,3,4,5,6,7,8,9,10,1,6,1
,,End Step,0,1,2,3,4,5,6,7,8,9,10,5,10,10
,,Rec Count,100,100,100,93,83,77,67,53,46,40,33,453,239,692
,,Dem. Count,100,100,100,93,83,77,67,53,46,40,33,100,67,100
,Healthy,Sum All,100.0,79.0,62.0,53.0,38.0,35.0,36.0,32.0,22.0,22.0,21.0,267.0,133.0,400.0
,Sick,Sum All,0.0,21.0,31.0,30.0,39.0,32.0,17.0,14.0,18.0,11.0,6.0,153.0,66.0,219.0
,Dead,Sum LOCF,0.0,0.0,7.0,17.0,23.0,33.0,47.0,54.0,60.0,67.0,73.0,33.0,73.0,73.0
