Example 1,Example 1,Example 1,Example 1,Example 1,Example 1,Example 1,Example 1,Example 1,Example 1,Example 1,Example 1,Example 1,Example 1,Example 1,Example 1,Example 1
Example 1,Example 1,Example 1,Example 1,Example 1,Example 1,Example 1,Example 1,Example 1,Example 1,Example 1,Example 1,Example 1,Example 1,Example 1,Example 1,Example 1
Example 1 - Initial Conditions,Example 1 - Initial Conditions,Example 1 - Initial Conditions,Example 1 - Initial Conditions,Example 1 - Initial Conditions,Example 1 - Initial Conditions,Example 1 - Initial Conditions,Example 1 - Initial Conditions,Example 1 - Initial Conditions,Example 1 - Initial Conditions,Example 1 - Initial Conditions,Example 1 - Initial Conditions,Example 1 - Initial Conditions,Example 1 - Initial Conditions,Example 1 - Initial Conditions,Example 1 - Initial Conditions,Example 1 - Initial Conditions
Stratification - None:,,Start Step,0,1,2,3,4,5,6,7,8,9,10,1,6,1
,,End Step,0,1,2,3,4,5,6,7,8,9,10,5,10,10
,,Rec Count,100,100,96,89,86,84,81,81,74,69,66,455,371,826
,,Dem. Count,100,100,96,89,86,84,81,81,74,69,66,100,81,100
,Alive,Sum All,100.0,96.0,89.0,86.0,84.0,81.0,81.0,74.0,69.0,66.0,62.0,436.0,352.0,788.0
,Dead,Sum LOCF,0.0,4.0,11.0,14.0,16.0,19.0,19.0,26.0,31.0,34.0,38.0,19.0,38.0,38.0
