Example 2,Example 2,Example 2,Example 2,Example 2,Example 2,Example 2,Example 2,Example 2,Example 2,Example 2,Example 2,Example 2,Example 2,Example 2,Example 2,Example 2
Example 2,Example 2,Example 2,Example 2,Example 2,Example 2,Example 2,Example 2,Example 2,Example 2,Example 2,Example 2,Example 2,Example 2,Example 2,Example 2,Example 2
Example 2 - Initial Conditions,Example 2 - Initial Conditions,Example 2 - Initial Conditions,Example 2 - Initial Conditions,Example 2 - Initial Conditions,Example 2 - Initial Conditions,Example 2 - Initial Conditions,Example 2 - Initial Conditions,Example 2 - Initial Conditions,Example 2 - Initial Conditions,Example 2 - Initial Conditions,Example 2 - Initial Conditions,Example 2 - Initial Conditions,Example 2 - Initial Conditions,Example 2 - Initial Conditions,Example 2 - Initial Conditions,Example 2 - Initial Conditions
Stratification - None:,,Start Step,0,1,2,3,4,5,6,7,8,9,10,1,6,1
,,End Step,0,1,2,3,4,5,6,7,8,9,10,5,10,10
,,Rec Count,100,100,99,93,84,77,68,63,55,47,43,453,276,729
,,Dem. Count,100,100,99,93,84,77,68,63,55,47,43,100,68,100
,Healthy,Sum All,100.0,73.0,64.0,57.0,49.0,44.0,39.0,35.0,30.0,24.0,26.0,287.0,154.0,441.0
,Sick,Sum All,0.0,26.0,29.0,27.0,28.0,24.0,24.0,20.0,17.0,19.0,10.0,134.0,90.0,224.0
,Dead,Sum LOCF,0.0,1.0,7.0,16.0,23.0,32.0,37.0,45.0,53.0,57.0,64.0,32.0,64.0,64.0
