Example 2,Example 2,Example 2,Example 2,Example 2,Example 2,Example 2,Example 2,Example 2,Example 2,Example 2,Example 2,Example 2,Example 2,Example 2,Example 2,Example 2
Example 2,Example 2,Example 2,Example 2,Example 2,Example 2,Example 2,Example 2,Example 2,Example 2,Example 2,Example 2,Example 2,Example 2,Example 2,Example 2,Example 2
Example 2 - Initial Conditions,Example 2 - Initial Conditions,Example 2 - Initial Conditions,Example 2 - Initial Conditions,Example 2 - Initial Conditions,Example 2 - Initial Conditions,Example 2 - Initial Conditions,Example 2 - Initial Conditions,Example 2 - Initial Conditions,Example 2 - Initial Conditions,Example 2 - Initial Conditions,Example 2 - Initial Conditions,Example 2 - Initial Conditions,Example 2 - Initial Conditions,Example 2 - Initial Conditions,Example 2 - Initial Conditions,Example 2 - Initial Conditions
Stratification - None:,,Start Step,0,1,2,3,4,5,6,7,8,9,10,1,6,1
,,End Step,0,1,2,3,4,5,6,7,8,9,10,5,10,10
,,Rec Count,100,100,99,94,86,77,68,61,46,40,35,456,250,706
,,Dem. Count,100,100,99,94,86,77,68,61,46,40,35,100,68,100
,Healthy,Sum All,100.0,82.0,64.0,52.0,41.0,38.0,29.0,23.0,22.0,21.0,15.0,277.0,110.0,387.0
,Sick,Sum All,0.0,17.0,30.0,34.0,36.0,30.0,32.0,23.0,18.0,14.0,17.0,147.0,104.0,251.0
,Dead,Sum LOCF,0.0,1.0,6.0,14.0,23.0,32.0,39.0,54.0,60.0,65.0,68.0,32.0,68.0,68.0
