Example 2,Example 2,Example 2,Example 2,Example 2,Example 2,Example 2,Example 2,Example 2,Example 2,Example 2,Example 2,Example 2,Example 2,Example 2,Example 2,Example 2
Example 2,Example 2,Example 2,Example 2,Example 2,Example 2,Example 2,Example 2,Example 2,Example 2,Example 2,Example 2,Example 2,Example 2,Example 2,Example 2,Example 2
Example 2 - Initial Conditions,Example 2 - Initial Conditions,Example 2 - Initial Conditions,Example 2 - Initial Conditions,Example 2 - Initial Conditions,Example 2 - Initial Conditions,Example 2 - Initial Conditions,Example 2 - Initial Conditions,Example 2 - Initial Conditions,Example 2 - Initial Conditions,Example 2 - Initial Conditions,Example 2 - Initial Conditions,Example 2 - Initial Conditions,Example 2 - Initial Conditions,Example 2 - Initial Conditions,Example 2 - Initial Conditions,Example 2 - Initial Conditions
Stratification - None:,,Start Step,0,1,2,3,4,5,6,7,8,9,10,1,6,1
,,End Step,0,1,2,3,4,5,6,7,8,9,10,5,10,10
,,Rec Count,100,100,100,93,86,80,70,58,47,38,31,459,244,703
,,Dem. Count,100,100,100,93,86,80,70,58,47,38,31,100,70,100
,Healthy,Sum All,100.0,76.0,65.0,57.0,48.0,36.0,25.0,22.0,21.0,18.0,16.0,282.0,102.0,384.0
,Sick,Sum All,0.0,24.0,28.0,29.0,32.0,34.0,33.0,25.0,17.0,13.0,10.0,147.0,98.0,245.0
,Dead,Sum LOCF,0.0,0.0,7.0,14.0,20.0,30.0,42.0,53.0,62.0,69.0,74.0,30.0,74.0,74.0
