Example 2,Example 2,Example 2,Example 2,Example 2,Example 2,Example 2,Example 2,Example 2,Example 2,Example 2,Example 2,Example 2,Example 2,Example 2,Example 2,Example 2
Example 2,Example 2,Example 2,Example 2,Example 2,Example 2,Example 2,Example 2,Example 2,Example 2,Example 2,Example 2,Example 2,Example 2,Example 2,Example 2,Example 2
Example 2 - Initial Conditions,Example 2 - Initial Conditions,Example 2 - Initial Conditions,Example 2 - Initial Conditions,Example 2 - Initial Conditions,Example 2 - Initial Conditions,Example 2 - Initial Conditions,Example 2 - Initial Conditions,Example 2 - Initial Conditions,Example 2 - Initial Conditions,Example 2 - Initial Conditions,Example 2 - Initial Conditions,Example 2 - Initial Conditions,Example 2 - Initial Conditions,Example 2 - Initial Conditions,Example 2 - Initial Conditions,Example 2 - Initial Conditions
Stratification - None:,,Start Step,0,1,2,3,4,5,6,7,8,9,10,1,6,1
,,End Step,0,1,2,3,4,5,6,7,8,9,10,5,10,10
,,Rec Count,100,100,98,90,78,70,65,56,51,44,34,436,250,686
,,Dem. Count,100,100,98,90,78,70,65,56,51,44,34,100,65,100
,Healthy,Sum All,100.0,72.0,57.0,51.0,48.0,40.0,30.0,27.0,19.0,20.0,15.0,268.0,111.0,379.0
,Sick,Sum All,0.0,26.0,33.0,27.0,22.0,25.0,26.0,24.0,25.0,14.0,16.0,133.0,105.0,238.0
,Dead,Sum LOCF,0.0,2.0,10.0,22.0,30.0,35.0,44.0,49.0,56.0,66.0,69.0,35.0,69.0,69.0
