Example 2,Example 2,Example 2,Example 2,Example 2,Example 2,Example 2,Example 2,Example 2,Example 2,Example 2,Example 2,Example 2,Example 2,Example 2,Example 2,Example 2
Example 2,Example 2,Example 2,Example 2,Example 2,Example 2,Example 2,Example 2,Example 2,Example 2,Example 2,Example 2,Example 2,Example 2,Example 2,Example 2,Example 2
Example 2 - Initial Conditions,Example 2 - Initial Conditions,Example 2 - Initial Conditions,Example 2 - Initial Conditions,Example 2 - Initial Conditions,Example 2 - Initial Conditions,Example 2 - Initial Conditions,Example 2 - Initial Conditions,Example 2 - Initial Conditions,Example 2 - Initial Conditions,Example 2 - Initial Conditions,Example 2 - Initial Conditions,Example 2 - Initial Conditions,Example 2 - Initial Conditions,Example 2 - Initial Conditions,Example 2 - Initial Conditions,Example 2 - Initial Conditions
Stratification - None:,,Start Step,0,1,2,3,4,5,6,7,8,9,10,1,6,1
,,End Step,0,1,2,3,4,5,6,7,8,9,10,5,10,10
,,Rec Count,100,100,100,95,88,79,72,57,48,42,39,462,258,720
,,Dem. Count,100,100,100,95,88,79,72,57,48,42,39,100,72,100
,Healthy,Sum All,100.0,85.0,65.0,52.0,45.0,39.0,28.0,25.0,24.0,25.0,23.0,286.0,125.0,411.0
,Sick,Sum All,0.0,15.0,30.0,36.0,34.0,33.0,29.0,23.0,18.0,14.0,12.0,148.0,96.0,244.0
,Dead,Sum LOCF,0.0,0.0,5.0,12.0,21.0,28.0,43.0,52.0,58.0,61.0,65.0,28.0,65.0,65.0
