Example 2,Example 2,Example 2,Example 2,Example 2,Example 2,Example 2,Example 2,Example 2,Example 2,Example 2,Example 2,Example 2,Example 2,Example 2,Example 2,Example 2
Example 2,Example 2,Example 2,Example 2,Example 2,Example 2,Example 2,Example 2,Example 2,Example 2,Example 2,Example 2,Example 2,Example 2,Example 2,Example 2,Example 2
Example 2 - Initial Conditions,Example 2 - Initial Conditions,Example 2 - Initial Conditions,Example 2 - Initial Conditions,Example 2 - Initial Conditions,Example 2 - Initial Conditions,Example 2 - Initial Conditions,Example 2 - Initial Conditions,Example 2 - Initial Conditions,Example 2 - Initial Conditions,Example 2 - Initial Conditions,Example 2 - Initial Conditions,Example 2 - Initial Conditions,Example 2 - Initial Conditions,Example 2 - Initial Conditions,Example 2 - Initial Conditions,Example 2 - Initial Conditions
Stratification - None:,,Start Step,0,1,2,3,4,5,6,7,8,9,10,1,6,1
,,End Step,0,1,2,3,4,5,6,7,8,9,10,5,10,10
,,Rec Count,100,100,100,93,81,76,67,61,55,51,44,450,278,728
,,Dem. Count,100,100,100,93,81,76,67,61,55,51,44,100,67,100
,Healthy,Sum All,100.0,85.0,67.0,56.0,51.0,45.0,35.0,34.0,31.0,28.0,23.0,304.0,151.0,455.0
,Sick,Sum All,0.0,15.0,26.0,25.0,25.0,22.0,26.0,21.0,20.0,16.0,15.0,113.0,98.0,211.0
,Dead,Sum LOCF,0.0,0.0,7.0,19.0,24.0,33.0,39.0,45.0,49.0,56.0,62.0,33.0,62.0,62.0
