Example 1,Example 1,Example 1,Example 1,Example 1,Example 1,Example 1,Example 1,Example 1,Example 1,Example 1,Example 1,Example 1,Example 1,Example 1,Example 1,Example 1
Example 1,Example 1,Example 1,Example 1,Example 1,Example 1,Example 1,Example 1,Example 1,Example 1,Example 1,Example 1,Example 1,Example 1,Example 1,Example 1,Example 1
Example 1 - Initial Conditions,Example 1 - Initial Conditions,Example 1 - Initial Conditions,Example 1 - Initial Conditions,Example 1 - Initial Conditions,Example 1 - Initial Conditions,Example 1 - Initial Conditions,Example 1 - Initial Conditions,Example 1 - Initial Conditions,Example 1 - Initial Conditions,Example 1 - Initial Conditions,Example 1 - Initial Conditions,Example 1 - Initial Conditions,Example 1 - Initial Conditions,Example 1 - Initial Conditions,Example 1 - Initial Conditions,Example 1 - Initial Conditions
Stratification - None:,,Start Step,0,1,2,3,4,5,6,7,8,9,10,1,6,1
,,End Step,0,1,2,3,4,5,6,7,8,9,10,5,10,10
,,Rec Count,100,100,99,95,90,86,82,79,77,70,68,468,371,839
,,Dem. Count,100,100,99,95,90,86,82,79,77,70,68,100,82,100
,Alive,Sum All,100.0,99.0,95.0,90.0,86.0,82.0,79.0,77.0,70.0,68.0,64.0,450.0,351.0,799.0
,Dead,Sum LOCF,0.0,8.0,22.0,23.0,27.0,31.0,35.0,39.0,42.0,44.0,46.0,31.0,46.0,46.0
,Repetition count,,10,10,10,10,10,10,10,10,10,10,10,10,10,10
