Example 2,Example 2,Example 2,Example 2,Example 2,Example 2,Example 2,Example 2,Example 2,Example 2,Example 2,Example 2,Example 2,Example 2,Example 2,Example 2,Example 2
Example 2,Example 2,Example 2,Example 2,Example 2,Example 2,Example 2,Example 2,Example 2,Example 2,Example 2,Example 2,Example 2,Example 2,Example 2,Example 2,Example 2
Example 2 - Initial Conditions,Example 2 - Initial Conditions,Example 2 - Initial Conditions,Example 2 - Initial Conditions,Example 2 - Initial Conditions,Example 2 - Initial Conditions,Example 2 - Initial Conditions,Example 2 - Initial Conditions,Example 2 - Initial Conditions,Example 2 - Initial Conditions,Example 2 - Initial Conditions,Example 2 - Initial Conditions,Example 2 - Initial Conditions,Example 2 - Initial Conditions,Example 2 - Initial Conditions,Example 2 - Initial Conditions,Example 2 - Initial Conditions
Stratification - None:,,Start Step,0,1,2,3,4,5,6,7,8,9,10,1,6,1
,,End Step,0,1,2,3,4,5,6,7,8,9,10,5,10,10
,,Rec Count,100,100,99,94,89,78,73,63,54,48,45,460,283,743
,,Dem. Count,100,100,99,94,89,78,73,63,54,48,45,100,73,100
,Healthy,Sum All,100.0,78.0,68.0,61.0,52.0,43.0,36.0,35.0,31.0,26.0,26.0,302.0,154.0,456.0
,Sick,Sum All,0.0,21.0,26.0,28.0,26.0,30.0,27.0,19.0,17.0,19.0,15.0,131.0,97.0,228.0
,Dead,Sum LOCF,0.0,1.0,6.0,11.0,22.0,27.0,37.0,46.0,52.0,55.0,59.0,27.0,59.0,59.0
