Example 2,Example 2,Example 2,Example 2,Example 2,Example 2,Example 2,Example 2,Example 2,Example 2,Example 2,Example 2,Example 2,Example 2,Example 2,Example 2,Example 2
Example 2,Example 2,Example 2,Example 2,Example 2,Example 2,Example 2,Example 2,Example 2,Example 2,Example 2,Example 2,Example 2,Example 2,Example 2,Example 2,Example 2
Example 2 - Initial Conditions,Example 2 - Initial Conditions,Example 2 - Initial Conditions,Example 2 - Initial Conditions,Example 2 - Initial Conditions,Example 2 - Initial Conditions,Example 2 - Initial Conditions,Example 2 - Initial Conditions,Example 2 - Initial Conditions,Example 2 - Initial Conditions,Example 2 - Initial Conditions,Example 2 - Initial Conditions,Example 2 - Initial Conditions,Example 2 - Initial Conditions,Example 2 - Initial Conditions,Example 2 - Initial Conditions,Example 2 - Initial Conditions
Stratification - None:,,Start Step,0,1,2,3,4,5,6,7,8,9,10,1,6,1
,,End Step,0,1,2,3,4,5,6,7,8,9,10,5,10,10
,,Rec Count,100,100,98,93,84,76,66,57,50,43,35,451,251,702
,,Dem. Count,100,100,98,93,84,76,66,57,50,43,35,100,66,100
,Healthy,Sum All,100.0,78.0,60.0,50.0,41.0,36.0,33.0,29.0,20.0,16.0,13.0,265.0,111.0,376.0
,Sick,Sum All,0.0,20.0,33.0,34.0,35.0,30.0,24.0,21.0,23.0,19.0,13.0,152.0,100.0,252.0
,Dead,Sum LOCF,0.0,2.0,7.0,16.0,24.0,34.0,43.0,50.0,57.0,65.0,74.0,34.0,74.0,74.0
