Example 3,Example 3,Example 3,Example 3,Example 3,Example 3,Example 3,Example 3,Example 3,Example 3,Example 3,Example 3,Example 3,Example 3,Example 3,Example 3,Example 3,Example 3,Example 3,Example 3,Example 3,Example 3,Example 3,Example 3,Example 3,Example 3,Example 3,Example 3,Example 3,Example 3,Example 3,Example 3,Example 3,Example 3,Example 3,Example 3,Example 3,Example 3,Example 3,Example 3,Example 3,Example 3,Example 3,Example 3,Example 3,Example 3,Example 3,Example 3,Example 3,Example 3,Example 3
Example 3,Example 3,Example 3,Example 3,Example 3,Example 3,Example 3,Example 3,Example 3,Example 3,Example 3,Example 3,Example 3,Example 3,Example 3,Example 3,Example 3,Example 3,Example 3,Example 3,Example 3,Example 3,Example 3,Example 3,Example 3,Example 3,Example 3,Example 3,Example 3,Example 3,Example 3,Example 3,Example 3,Example 3,Example 3,Example 3,Example 3,Example 3,Example 3,Example 3,Example 3,Example 3,Example 3,Example 3,Example 3,Example 3,Example 3,Example 3,Example 3,Example 3,Example 3
Example 3 - Initial Conditions,Example 3 - Initial Conditions,Example 3 - Initial Conditions,Example 3 - Initial Conditions,Example 3 - Initial Conditions,Example 3 - Initial Conditions,Example 3 - Initial Conditions,Example 3 - Initial Conditions,Example 3 - Initial Conditions,Example 3 - Initial Conditions,Example 3 - Initial Conditions,Example 3 - Initial Conditions,Example 3 - Initial Conditions,Example 3 - Initial Conditions,Example 3 - Initial Conditions,Example 3 - Initial Conditions,Example 3 - Initial Conditions,Example 3 - Initial Conditions,Example 3 - Initial Conditions,Example 3 - Initial Conditions,Example 3 - Initial Conditions,Example 3 - Initial Conditions,Example 3 - Initial Conditions,Example 3 - Initial Conditions,Example 3 - Initial Conditions,Example 3 - Initial Conditions,Example 3 - Initial Conditions,Example 3 - Initial Conditions,Example 3 - Initial Conditions,Example 3 - Initial Conditions,Example 3 - Initial Conditions,Example 3 - Initial Conditions,Example 3 - Initial Conditions,Example 3 - Initial Conditions,Example 3 - Initial Conditions,Example 3 - Initial Conditions,Example 3 - Initial Conditions,Example 3 - Initial Conditions,Example 3 - Initial Conditions,Example 3 - Initial Conditions,Example 3 - Initial Conditions,Example 3 - Initial Conditions,Example 3 - Initial Conditions,Example 3 - Initial Conditions,Example 3 - Initial Conditions,Example 3 - Initial Conditions,Example 3 - Initial Conditions,Example 3 - Initial Conditions,Example 3 - Initial Conditions,Example 3 - Initial Conditions,Example 3 - Initial Conditions
Stratification - By initial demographics for cell: Male=0,,Start Step,0,1,2,3,4,5,6,7,8,9,10,1,6,1,Stratification - By initial demographics for cell: Male=1,,Start Step,0,1,2,3,4,5,6,7,8,9,10,1,6,1,Stratification - None:,,Start Step,0,1,2,3,4,5,6,7,8,9,10,1,6,1
,,End Step,0,1,2,3,4,5,6,7,8,9,10,5,10,10,,,End Step,0,1,2,3,4,5,6,7,8,9,10,5,10,10,,,End Step,0,1,2,3,4,5,6,7,8,9,10,5,10,10
,,Rec Count,50,50,50,49,48,43,36,35,32,31,30,240,164,404,,,Rec Count,50,50,49,48,47,43,37,32,27,21,19,237,136,373,,,Rec Count,100,100,99,97,95,86,73,67,59,52,49,477,300,777
,,Dem. Count,50,50,50,49,48,43,36,35,32,31,30,50,36,50,,,Dem. Count,50,50,49,48,47,43,37,32,27,21,19,50,37,50,,,Dem. Count,100,100,99,97,95,86,73,67,59,52,49,100,73,100
,Healthy,Sum All,50.0,47.0,41.0,34.0,33.0,33.0,33.0,29.0,27.0,23.0,21.0,188.0,133.0,321.0,,Healthy,Sum All,50.0,45.0,35.0,31.0,28.0,20.0,16.0,13.0,13.0,13.0,11.0,159.0,66.0,225.0,,Healthy,Sum All,100.0,92.0,76.0,65.0,61.0,53.0,49.0,42.0,40.0,36.0,32.0,347.0,199.0,546.0
,Sick,Sum All,0.0,3.0,8.0,14.0,10.0,3.0,2.0,3.0,4.0,7.0,5.0,38.0,21.0,59.0,,Sick,Sum All,0.0,4.0,13.0,16.0,15.0,17.0,16.0,14.0,8.0,6.0,7.0,65.0,51.0,116.0,,Sick,Sum All,0.0,7.0,21.0,30.0,25.0,20.0,18.0,17.0,12.0,13.0,12.0,103.0,72.0,175.0
,Dead,Sum LOCF,0.0,0.0,1.0,2.0,7.0,14.0,15.0,18.0,19.0,20.0,24.0,14.0,24.0,24.0,,Dead,Sum LOCF,0.0,1.0,2.0,3.0,7.0,13.0,18.0,23.0,29.0,31.0,32.0,13.0,32.0,32.0,,Dead,Sum LOCF,0.0,1.0,3.0,5.0,14.0,27.0,33.0,41.0,48.0,51.0,56.0,27.0,56.0,56.0
